"""dahlia_id""","""planting_number""","""name""","""color_id""","""bloom_type""","""bloom_size""","""plant_height""","""amountofDays""","""url_to_image"""
54,50,KfMtxI_Poppers ,112,Formal Decorative,5 ,4 ,Average(90 days),KfMtxI_Poppers .jpeg
55,51,CvjvOG_Urchin ,12,Waterlily ,5 ,4 ,Average(90 days),CvjvOG_Urchin .jpeg
56,52,Cbvrtv_Dreamcatcher ,12,Waterlily ,6 ,4 ,Late ( 120 days),Cbvrtv_Dreamcatcher .jpeg
57,53,xYzrSv_Beep Beep ,51,Orchid ,5 ,4.5 ,Late ( 120 days),xYzrSv_Beep Beep .jpeg
58,54,rEKxMb_Jennifer's Wedding ,23,Orchid ,7 ,5 ,Average(90 days),rEKxMb_Jennifer's Wedding .jpeg
59,55,SWIlKa_A-Peeling ,1,Waterlily ,7 ,4.5 ,Average(90 days),SWIlKa_A-Peeling .jpeg
60,56,hOMfIC_Duet ,35,Incurved Cactus,8 ,3.5 ,Late ( 120 days),hOMfIC_Duet .jpeg
61,57,rhOvzl_Einstein ,18,Cactus,7 ,4 ,Late ( 120 days),rhOvzl_Einstein .jpeg
62,58,zEYOUU_Tutti Frutti ,50,Incurved Cactus,5 ,4 ,Early (75 days),zEYOUU_Tutti Frutti .jpeg
63,59,UjflYK_Ryan C ,73,Collarette ,7 ,4.5 ,Late ( 120 days),UjflYK_Ryan C .jpeg
64,60,SOpfzK_Teddy ,107,Pom Pon ,5 ,4.5 ,Late ( 120 days),SOpfzK_Teddy .jpeg
65,61,KdvEfC_Spartacus ,120,Waterlily ,9 ,4.5 ,Late ( 120 days),KdvEfC_Spartacus .jpeg
66,62,MjQzbd_Wildcat ,73,Incurved Cactus,3.5 ,4.5 ,Average(90 days),MjQzbd_Wildcat .jpeg
67,63,MbOpGp_Cabana Banana ,10,Waterlily ,7 ,5 ,Late ( 120 days),MbOpGp_Cabana Banana .jpeg
68,64,vSpOCC_Citron Du Cap ,79,Formal Decorative,7 ,4 ,Late ( 120 days),vSpOCC_Citron Du Cap .jpeg
69,65,tlalWx_Clearview Daniel ,25,Incurved Cactus,4 ,5 ,Late ( 120 days),tlalWx_Clearview Daniel .jpeg
70,66,phaIdM_Pinelands Pam ,18,Orchid ,7 ,5 ,Average(90 days),phaIdM_Pinelands Pam .jpeg
71,67,SGfrUp_Willie Willie ,56,Waterlily ,4 ,4 ,Late ( 120 days),SGfrUp_Willie Willie .jpeg
72,68,ffGnxj_Bold Accent ,86,Collarette ,6 ,4.5 ,Late ( 120 days),ffGnxj_Bold Accent .jpeg
73,69,nWYvKn_Wheels ,112,Waterlily ,4 ,4 ,Late ( 120 days),nWYvKn_Wheels .jpeg
74,70,lQpIUj_Innocense ,29,Lacinted,6 ,4.5 ,Early (75 days),lQpIUj_Innocense .jpeg
75,71,nnOOrI_Half Pint ,21,Formal Decorative,5 ,2.5 ,Early (75 days),nnOOrI_Half Pint .jpeg
76,72,txtIba_Hulin's Carnival ,88,Formal Decorative,4 ,4 ,Late ( 120 days),txtIba_Hulin's Carnival .jpeg
77,73,QYhrSS_Mary Munns ,68,Ball,2 ,3 ,Average(90 days),QYhrSS_Mary Munns .jpeg
78,74,WQfYGd_Bodacious ,43,Semi-Cactus,11 ,5 ,Late ( 120 days),WQfYGd_Bodacious .jpeg
79,75,bEfWpl_Lady Liberty ,65,Decorative,6 ,4 ,Late ( 120 days),bEfWpl_Lady Liberty .jpeg
80,76,axzzEx_Maniac ,3,Ball,12 ,4 ,Average(90 days),axzzEx_Maniac .jpeg
81,77,raKfCK_Matilda Huston ,117,Decorative,5 ,2.5 ,Early (75 days),raKfCK_Matilda Huston .jpeg
82,78,WSQUnl_Juanita ,57,Semi-Cactus,6 ,4 ,Late ( 120 days),WSQUnl_Juanita .jpeg
83,79,vIKGGQ_Steven David ,87,Ball,6 ,4.5 ,Average(90 days),vIKGGQ_Steven David .jpeg
84,80,EKIxhQ_Kasasagi ,32,Cactus,2 ,3.5 ,Late ( 120 days),EKIxhQ_Kasasagi .jpeg
85,81,QGpabQ_Tahiti Sunrise ,12,Collarette ,5 ,2 ,Early (75 days),QGpabQ_Tahiti Sunrise .jpeg
86,82,bfjlCv_Spoiled Rotten ,58,Orchid ,7 ,5 ,Average(90 days),bfjlCv_Spoiled Rotten .jpeg
87,83,Yznaja_Spiderwomen ,105,Cactus,5 ,4 ,Average(90 days),Yznaja_Spiderwomen .jpeg
88,84,vOrbdW_ CLEARVIEW JONAS ,18,Incurved Cactus,5 ,4 ,Average(90 days),vOrbdW_ CLEARVIEW JONAS .jpeg
89,85,fSGbEE_ DANCIN' QUEEN  ,67,Orchid ,6 ,4 ,Late ( 120 days),fSGbEE_ DANCIN' QUEEN  .jpeg
90,86,vjvldM_ENCORE         ,13,Formal Decorative,5 ,4.5 ,Late ( 120 days),vjvldM_ENCORE         .jpeg
91,87,KGnYUx_SPOILED ROTTEN     ,35,Formal Decorative,7 ,5 ,Average(90 days),KGnYUx_SPOILED ROTTEN     .jpeg
92,88,rQzanr_BRANDON MICHAEL      ,121,Informal Decorative ,7 ,4.5 ,Average(90 days),rQzanr_BRANDON MICHAEL      .jpeg
93,89,GUzOlE_  MIKAYLA MIRANDA        ,14,Semi-Cactus,8 ,3.5 ,Late ( 120 days),GUzOlE_  MIKAYLA MIRANDA        .jpeg
94,90,fOvxIp_       ENCHANTRESS         ,64,Decorative,7 ,4 ,Late ( 120 days),fOvxIp_       ENCHANTRESS         .jpeg
95,91,nlIndp_ BRIDEZILLA   ,48,Cactus,5 ,4 ,Early (75 days),nlIndp_ BRIDEZILLA   .jpeg
96,92,Stxdbl_      DIVA     ,56,Waterlily ,7 ,4.5 ,Late ( 120 days),Stxdbl_      DIVA     .jpeg
97,93,KWhjGI_      DUET               ,57,Incurved Cactus,5 ,4.5 ,Late ( 120 days),KWhjGI_      DUET               .jpeg
98,94,KnbnWr_CROSSFIELD EBONY  ,56,Cactus,9 ,4.5 ,Late ( 120 days),KnbnWr_CROSSFIELD EBONY  .jpeg
99,95,WjbnKG_   VOODOO     ,104,Ball,3.5 ,4.5 ,Average(90 days),WjbnKG_   VOODOO     .jpeg
100,96,tMYQbh_  CRAZY LEGS ,87,Decorative,7 ,5 ,Late ( 120 days),tMYQbh_  CRAZY LEGS .jpeg
101,97,arabSl_  FLUFFLES ,118,Waterlily ,7 ,4 ,Late ( 120 days),arabSl_  FLUFFLES .jpeg
102,98,QnafKf_santa claus,55,Cactus,4 ,5 ,Late ( 120 days),QnafKf_santa claus.jpeg
103,99,bSChYb_Katie,55,Waterlily ,7 ,5 ,Average(90 days),bSChYb_Katie.jpeg
104,100,MCIdYY_Verone,76,Decorative,4 ,4 ,Late ( 120 days),MCIdYY_Verone.jpeg
105,101,KGOWld_Cheyenne,22,Collarette ,6 ,4.5 ,Late ( 120 days),KGOWld_Cheyenne.jpeg
106,102,aWrfQU_Zucc Robert ,18,Incurved Cactus,4 ,4 ,Late ( 120 days),aWrfQU_Zucc Robert .jpeg
107,103,baCUbh_Poppers ,112,Collarette ,6 ,4.5 ,Early (75 days),baCUbh_Poppers .jpeg
108,104,rUhUtr_Urchin ,84,Semi-Cactus,5 ,2.5 ,Early (75 days),rUhUtr_Urchin .jpeg
109,105,bdKftf_Dreamcatcher ,94,Formal Decorative,4 ,4 ,Late ( 120 days),bdKftf_Dreamcatcher .jpeg
110,106,GICbnh_Beep Beep ,45,Collarette ,2 ,3 ,Average(90 days),GICbnh_Beep Beep .jpeg
111,107,KCldYd_Jennifer's Wedding ,47,Orchid ,11 ,5 ,Late ( 120 days),KCldYd_Jennifer's Wedding .jpeg
112,108,pOvMvQ_A-Peeling ,85,Incurved Cactus,6 ,4 ,Late ( 120 days),pOvMvQ_A-Peeling .jpeg
113,109,GazhIn_Duet ,54,Formal Decorative,12 ,4 ,Average(90 days),GazhIn_Duet .jpeg
114,110,WvbIIt_Einstein ,75,Lacinted,5 ,2.5 ,Early (75 days),WvbIIt_Einstein .jpeg
115,111,KlbWlr_Tutti Frutti ,55,Collarette ,6 ,4 ,Late ( 120 days),KlbWlr_Tutti Frutti .jpeg
116,112,hCrhpl_Ryan C ,46,Decorative,6 ,4.5 ,Average(90 days),hCrhpl_Ryan C .jpeg
117,113,WMOIGl_Teddy ,16,Collarette ,2 ,3.5 ,Late ( 120 days),WMOIGl_Teddy .jpeg
118,114,CxExlI_Spartacus ,35,Collarette ,5 ,2 ,Early (75 days),CxExlI_Spartacus .jpeg
119,115,npKzvr_Wildcat ,26,Pom Pon ,7 ,5 ,Average(90 days),npKzvr_Wildcat .jpeg
120,116,bvlUKr_Cabana Banana ,19,Collarette ,5 ,4 ,Average(90 days),bvlUKr_Cabana Banana .jpeg
121,117,zKSMva_Citron Du Cap ,15,Waterlily ,5 ,4 ,Average(90 days),zKSMva_Citron Du Cap .jpeg
122,118,WKbjaM_Clearview Daniel ,12,Decorative,6 ,4 ,Late ( 120 days),WKbjaM_Clearview Daniel .jpeg
123,119,OplSlG_Pinelands Pam ,72,Semi-Cactus,5 ,4.5 ,Late ( 120 days),OplSlG_Pinelands Pam .jpeg
124,120,zppQnn_Willie Willie ,101,Lacinted,7 ,5 ,Average(90 days),zppQnn_Willie Willie .jpeg
125,121,UzKdnO_Bold Accent ,61,Cactus,7 ,4.5 ,Average(90 days),UzKdnO_Bold Accent .jpeg
126,122,ndnxQO_Wheels ,75,Collarette ,8 ,3.5 ,Late ( 120 days),ndnxQO_Wheels .jpeg
127,123,Yllhtr_Innocense ,44,Semi-Cactus,7 ,4 ,Late ( 120 days),Yllhtr_Innocense .jpeg
128,124,lSUSbC_Half Pint ,69,Lacinted,5 ,4 ,Early (75 days),lSUSbC_Half Pint .jpeg
129,125,vfnhrG_Hulin's Carnival ,82,Incurved Cactus,7 ,4.5 ,Late ( 120 days),vfnhrG_Hulin's Carnival .jpeg
130,126,hSfzxY_Mary Munns ,49,Waterlily ,5 ,4.5 ,Late ( 120 days),hSfzxY_Mary Munns .jpeg
131,127,EKhQlb_Bodacious ,9,Cactus,9 ,4.5 ,Late ( 120 days),EKhQlb_Bodacious .jpeg
132,128,KGrWKM_Lady Liberty ,121,Incurved Cactus,3.5 ,4.5 ,Average(90 days),KGrWKM_Lady Liberty .jpeg
133,129,EKCEYI_Maniac ,106,Waterlily ,7 ,5 ,Late ( 120 days),EKCEYI_Maniac .jpeg
134,130,zWllQz_Matilda Huston ,15,Cactus,7 ,4 ,Late ( 120 days),zWllQz_Matilda Huston .jpeg
135,131,CzYUhz_Juanita ,32,Cactus,4 ,5 ,Late ( 120 days),CzYUhz_Juanita .jpeg
136,132,EQIUdG_Steven David ,10,Collarette ,7 ,5 ,Average(90 days),EQIUdG_Steven David .jpeg
137,133,pxQSdd_Kasasagi ,7,Collarette ,4 ,4 ,Late ( 120 days),pxQSdd_Kasasagi .jpeg
138,134,dQjrSh_Tahiti Sunrise ,30,Semi-Cactus,6 ,4.5 ,Late ( 120 days),dQjrSh_Tahiti Sunrise .jpeg
139,135,CtUhhO_Spoiled Rotten ,99,Cactus,4 ,4 ,Late ( 120 days),CtUhhO_Spoiled Rotten .jpeg
140,136,jIKdjr_Spiderwomen ,4,Orchid ,6 ,4.5 ,Early (75 days),jIKdjr_Spiderwomen .jpeg
141,137,UEOGEr_ CLEARVIEW JONAS ,117,Lacinted,5 ,2.5 ,Early (75 days),UEOGEr_ CLEARVIEW JONAS .jpeg
142,138,hOtjrh_ DANCIN' QUEEN  ,85,Semi-Cactus,4 ,4 ,Late ( 120 days),hOtjrh_ DANCIN' QUEEN  .jpeg
143,139,fpzvzt_ENCORE         ,82,Ball,2 ,3 ,Average(90 days),fpzvzt_ENCORE         .jpeg
144,140,fKtlOC_SPOILED ROTTEN     ,57,Orchid ,11 ,5 ,Late ( 120 days),fKtlOC_SPOILED ROTTEN     .jpeg
145,141,pxxbrE_BRANDON MICHAEL      ,53,Formal Decorative,6 ,4 ,Late ( 120 days),pxxbrE_BRANDON MICHAEL      .jpeg
146,142,fdrKrz_  MIKAYLA MIRANDA        ,3,Semi-Cactus,12 ,4 ,Average(90 days),fdrKrz_  MIKAYLA MIRANDA        .jpeg
147,143,UapMOl_       ENCHANTRESS         ,68,Collarette ,5 ,2.5 ,Early (75 days),UapMOl_       ENCHANTRESS         .jpeg
148,144,SQaEzI_ BRIDEZILLA   ,19,Orchid ,6 ,4 ,Late ( 120 days),SQaEzI_ BRIDEZILLA   .jpeg
149,145,YpUGtC_      DIVA     ,51,Waterlily ,6 ,4.5 ,Average(90 days),YpUGtC_      DIVA     .jpeg
150,146,OprUQa_      DUET               ,68,Pom Pon ,2 ,3.5 ,Late ( 120 days),OprUQa_      DUET               .jpeg
151,147,xxIrpp_CROSSFIELD EBONY  ,115,Orchid ,5 ,2 ,Early (75 days),xxIrpp_CROSSFIELD EBONY  .jpeg
152,148,hQWrWv_   VOODOO     ,23,Waterlily ,7 ,5 ,Average(90 days),hQWrWv_   VOODOO     .jpeg
153,149,MWnzbU_  CRAZY LEGS ,39,Pom Pon ,5 ,4 ,Average(90 days),MWnzbU_  CRAZY LEGS .jpeg
154,150,azjWab_  FLUFFLES ,54,Formal Decorative,5 ,4 ,Average(90 days),azjWab_  FLUFFLES .jpeg
155,151,bMSSUU_santa claus,57,Waterlily ,6 ,4 ,Late ( 120 days),bMSSUU_santa claus.jpeg
156,152,InOlzb_Katie,2,Waterlily ,5 ,4.5 ,Late ( 120 days),InOlzb_Katie.jpeg
157,153,fbYdtz_Verone,87,Cactus,7 ,5 ,Average(90 days),fbYdtz_Verone.jpeg
158,154,bhaYOG_Cheyenne,80,Lacinted,7 ,4.5 ,Average(90 days),bhaYOG_Cheyenne.jpeg
159,155,xdxItO_Zucc Robert ,28,Orchid ,8 ,3.5 ,Late ( 120 days),xdxItO_Zucc Robert .jpeg
160,156,WMzdfx_Poppers ,88,Orchid ,7 ,4 ,Late ( 120 days),WMzdfx_Poppers .jpeg
161,157,EWtUIl_Urchin ,50,Decorative,5 ,4 ,Early (75 days),EWtUIl_Urchin .jpeg
162,158,xdvpIO_Dreamcatcher ,54,Incurved Cactus,7 ,4.5 ,Late ( 120 days),xdvpIO_Dreamcatcher .jpeg
163,159,IjUpbj_Beep Beep ,107,Informal Decorative ,5 ,4.5 ,Late ( 120 days),IjUpbj_Beep Beep .jpeg
164,160,nIzOKW_Jennifer's Wedding ,69,Collarette ,9 ,4.5 ,Late ( 120 days),nIzOKW_Jennifer's Wedding .jpeg
165,161,hUYtUW_A-Peeling ,33,Lacinted,3.5 ,4.5 ,Average(90 days),hUYtUW_A-Peeling .jpeg
166,162,KEhEbf_Duet ,52,Formal Decorative,7 ,5 ,Late ( 120 days),KEhEbf_Duet .jpeg
167,163,EUlUzx_Einstein ,112,Lacinted,7 ,4 ,Late ( 120 days),EUlUzx_Einstein .jpeg
168,164,MEWQtQ_Tutti Frutti ,124,Formal Decorative,4 ,5 ,Late ( 120 days),MEWQtQ_Tutti Frutti .jpeg
169,165,jatzQz_Ryan C ,118,Waterlily ,7 ,5 ,Average(90 days),jatzQz_Ryan C .jpeg
170,166,KnYxCY_Teddy ,1,Waterlily ,4 ,4 ,Late ( 120 days),KnYxCY_Teddy .jpeg
171,167,WzjCYE_Spartacus ,52,Incurved Cactus,6 ,4.5 ,Late ( 120 days),WzjCYE_Spartacus .jpeg
172,168,UYQUSW_Wildcat ,90,Decorative,4 ,4 ,Late ( 120 days),UYQUSW_Wildcat .jpeg
173,169,KGIbSW_Cabana Banana ,24,Informal Decorative ,6 ,4.5 ,Early (75 days),KGIbSW_Cabana Banana .jpeg
174,170,UMlhvQ_Citron Du Cap ,74,Pom Pon ,5 ,2.5 ,Early (75 days),UMlhvQ_Citron Du Cap .jpeg
175,171,GadzCa_Clearview Daniel ,40,Informal Decorative ,4 ,4 ,Late ( 120 days),GadzCa_Clearview Daniel .jpeg
176,172,nxWtGO_Pinelands Pam ,1,Ball,2 ,3 ,Average(90 days),nxWtGO_Pinelands Pam .jpeg
177,173,COrzxt_Willie Willie ,41,Collarette ,11 ,5 ,Late ( 120 days),COrzxt_Willie Willie .jpeg
178,174,CtfOlU_Bold Accent ,90,Cactus,6 ,4 ,Late ( 120 days),CtfOlU_Bold Accent .jpeg
179,175,lvWhSQ_Wheels ,104,Collarette ,12 ,4 ,Average(90 days),lvWhSQ_Wheels .jpeg
180,176,bjbjSM_Innocense ,127,Orchid ,5 ,2.5 ,Early (75 days),bjbjSM_Innocense .jpeg
181,177,WnavfQ_Half Pint ,12,Orchid ,6 ,4 ,Late ( 120 days),WnavfQ_Half Pint .jpeg
182,178,MpEWGd_Hulin's Carnival ,1,Formal Decorative,6 ,4.5 ,Average(90 days),MpEWGd_Hulin's Carnival .jpeg
183,179,dMfbEQ_Mary Munns ,45,Lacinted,2 ,3.5 ,Late ( 120 days),dMfbEQ_Mary Munns .jpeg
184,180,pxbbMG_Bodacious ,60,Collarette ,5 ,2 ,Early (75 days),pxbbMG_Bodacious .jpeg
185,181,YzKlOO_Lady Liberty ,97,Lacinted,7 ,5 ,Average(90 days),YzKlOO_Lady Liberty .jpeg
186,182,YrlWtr_Maniac ,30,Pom Pon ,5 ,4 ,Average(90 days),YrlWtr_Maniac .jpeg
187,183,xlEWYp_Matilda Huston ,75,Waterlily ,5 ,4 ,Average(90 days),xlEWYp_Matilda Huston .jpeg
188,184,vtrWWl_Juanita ,52,Collarette ,6 ,4 ,Late ( 120 days),vtrWWl_Juanita .jpeg
189,185,lIYdhU_Steven David ,17,Informal Decorative ,5 ,4.5 ,Late ( 120 days),lIYdhU_Steven David .jpeg
190,186,dvlYUz_Kasasagi ,45,Semi-Cactus,7 ,5 ,Average(90 days),dvlYUz_Kasasagi .jpeg
191,187,fSElzp_Tahiti Sunrise ,34,Collarette ,7 ,4.5 ,Average(90 days),fSElzp_Tahiti Sunrise .jpeg
192,188,bYpQrM_Spoiled Rotten ,9,Semi-Cactus,8 ,3.5 ,Late ( 120 days),bYpQrM_Spoiled Rotten .jpeg
193,189,jhSnpj_Spiderwomen ,125,Semi-Cactus,7 ,4 ,Late ( 120 days),jhSnpj_Spiderwomen .jpeg
194,190,Oarxva_ CLEARVIEW JONAS ,36,Waterlily ,5 ,4 ,Early (75 days),Oarxva_ CLEARVIEW JONAS .jpeg
195,191,aUOCCK_ DANCIN' QUEEN  ,59,Lacinted,7 ,4.5 ,Late ( 120 days),aUOCCK_ DANCIN' QUEEN  .jpeg
196,192,UIEWMd_ENCORE         ,74,Incurved Cactus,5 ,4.5 ,Late ( 120 days),UIEWMd_ENCORE         .jpeg
197,193,EIanpM_SPOILED ROTTEN     ,88,Orchid ,9 ,4.5 ,Late ( 120 days),EIanpM_SPOILED ROTTEN     .jpeg
198,194,nQzChU_BRANDON MICHAEL      ,62,Lacinted,3.5 ,4.5 ,Average(90 days),nQzChU_BRANDON MICHAEL      .jpeg
199,195,IbrYKf_  MIKAYLA MIRANDA        ,95,Cactus,7 ,5 ,Late ( 120 days),IbrYKf_  MIKAYLA MIRANDA        .jpeg
200,196,lhErhx_       ENCHANTRESS         ,88,Formal Decorative,7 ,4 ,Late ( 120 days),lhErhx_       ENCHANTRESS         .jpeg
201,197,hrQWKf_ BRIDEZILLA   ,118,Decorative,4 ,5 ,Late ( 120 days),hrQWKf_ BRIDEZILLA   .jpeg
202,198,YzGCrj_      DIVA     ,78,Collarette ,7 ,5 ,Average(90 days),YzGCrj_      DIVA     .jpeg
203,199,EpKUlx_      DUET               ,19,Collarette ,4 ,4 ,Late ( 120 days),EpKUlx_      DUET               .jpeg
204,200,KdxQQa_CROSSFIELD EBONY  ,106,Cactus,6 ,4.5 ,Late ( 120 days),KdxQQa_CROSSFIELD EBONY  .jpeg
205,201,UCnfCE_   VOODOO     ,102,Waterlily ,4 ,4 ,Late ( 120 days),UCnfCE_   VOODOO     .jpeg
206,202,hfGWWK_  CRAZY LEGS ,52,Waterlily ,6 ,4.5 ,Early (75 days),hfGWWK_  CRAZY LEGS .jpeg
207,203,lnUSGf_  FLUFFLES ,84,Formal Decorative,5 ,2.5 ,Early (75 days),lnUSGf_  FLUFFLES .jpeg
208,204,dxIUMI_santa claus,105,Waterlily ,4 ,4 ,Late ( 120 days),dxIUMI_santa claus.jpeg
209,205,tnhEhO_Katie,41,Collarette ,2 ,3 ,Average(90 days),tnhEhO_Katie.jpeg
210,206,jWWtvn_Verone,119,Waterlily ,11 ,5 ,Late ( 120 days),jWWtvn_Verone.jpeg
211,207,EpEMzU_Cheyenne,96,Collarette ,6 ,4 ,Late ( 120 days),EpEMzU_Cheyenne.jpeg
212,208,bzMSja_Zucc Robert ,24,Informal Decorative ,12 ,4 ,Average(90 days),bzMSja_Zucc Robert .jpeg
213,209,hGSYrQ_Urchin ,43,Pom Pon ,5 ,2.5 ,Early (75 days),hGSYrQ_Urchin .jpeg
214,210,dCWpfb_Dreamcatcher ,128,Incurved Cactus,6 ,4 ,Late ( 120 days),dCWpfb_Dreamcatcher .jpeg
215,211,nYUrvv_Beep Beep ,49,Collarette ,6 ,4.5 ,Average(90 days),nYUrvv_Beep Beep .jpeg
216,212,aCrESr_Jennifer's Wedding ,43,Informal Decorative ,2 ,3.5 ,Late ( 120 days),aCrESr_Jennifer's Wedding .jpeg
217,213,IjGxtU_A-Peeling ,117,Orchid ,5 ,2 ,Early (75 days),IjGxtU_A-Peeling .jpeg
218,214,CpUbhz_Duet ,110,Semi-Cactus,7 ,5 ,Average(90 days),CpUbhz_Duet .jpeg
219,215,dhEEfQ_Einstein ,112,Decorative,5 ,4 ,Average(90 days),dhEEfQ_Einstein .jpeg
220,216,vGzSbn_Tutti Frutti ,57,Ball,5 ,4 ,Average(90 days),vGzSbn_Tutti Frutti .jpeg
221,217,IfxlfY_Ryan C ,49,Waterlily ,6 ,4 ,Late ( 120 days),IfxlfY_Ryan C .jpeg
222,218,EKSbEU_Teddy ,127,Semi-Cactus,5 ,4.5 ,Late ( 120 days),EKSbEU_Teddy .jpeg
223,219,EItUtb_Spartacus ,127,Decorative,7 ,5 ,Average(90 days),EItUtb_Spartacus .jpeg
224,220,IpdWbz_Wildcat ,112,Decorative,7 ,4.5 ,Average(90 days),IpdWbz_Wildcat .jpeg
225,221,ftvjxK_Cabana Banana ,92,Informal Decorative ,8 ,3.5 ,Late ( 120 days),ftvjxK_Cabana Banana .jpeg
226,222,dSIUMx_Citron Du Cap ,23,Pom Pon ,7 ,4 ,Late ( 120 days),dSIUMx_Citron Du Cap .jpeg
227,223,ChlWaf_Clearview Daniel ,122,Waterlily ,5 ,4 ,Early (75 days),ChlWaf_Clearview Daniel .jpeg
228,224,llUtYz_Pinelands Pam ,46,Waterlily ,7 ,4.5 ,Late ( 120 days),llUtYz_Pinelands Pam .jpeg
229,225,KdtrMf_Willie Willie ,70,Semi-Cactus,5 ,4.5 ,Late ( 120 days),KdtrMf_Willie Willie .jpeg
230,226,ICldYn_Bold Accent ,107,Collarette ,9 ,4.5 ,Late ( 120 days),ICldYn_Bold Accent .jpeg
231,227,jbYvIt_Wheels ,50,Ball,3.5 ,4.5 ,Average(90 days),jbYvIt_Wheels .jpeg
232,228,EjUOrI_Innocense ,29,Formal Decorative,7 ,5 ,Late ( 120 days),EjUOrI_Innocense .jpeg
233,229,xxdajU_Half Pint ,96,Ball,7 ,4 ,Late ( 120 days),xxdajU_Half Pint .jpeg
234,230,nlYOUM_Hulin's Carnival ,92,Decorative,4 ,5 ,Late ( 120 days),nlYOUM_Hulin's Carnival .jpeg
235,231,dxjzhn_Mary Munns ,81,Informal Decorative ,7 ,5 ,Average(90 days),dxjzhn_Mary Munns .jpeg
236,232,OhKMhQ_Bodacious ,97,Ball,4 ,4 ,Late ( 120 days),OhKMhQ_Bodacious .jpeg
237,233,zjWQxx_Lady Liberty ,52,Informal Decorative ,6 ,4.5 ,Late ( 120 days),zjWQxx_Lady Liberty .jpeg
238,234,UzKlUG_Maniac ,97,Waterlily ,4 ,4 ,Late ( 120 days),UzKlUG_Maniac .jpeg
239,235,tlOhOx_Matilda Huston ,27,Informal Decorative ,6 ,4.5 ,Early (75 days),tlOhOx_Matilda Huston .jpeg
240,236,aKIfzf_Juanita ,81,Cactus,5 ,2.5 ,Early (75 days),aKIfzf_Juanita .jpeg
241,237,EabIQU_Steven David ,59,Waterlily ,4 ,4 ,Late ( 120 days),EabIQU_Steven David .jpeg
242,238,ffWCbO_Kasasagi ,9,Formal Decorative,2 ,3 ,Average(90 days),ffWCbO_Kasasagi .jpeg
243,239,fYtzhb_Tahiti Sunrise ,38,Lacinted,11 ,5 ,Late ( 120 days),fYtzhb_Tahiti Sunrise .jpeg
244,240,WxvzEY_Spoiled Rotten ,101,Cactus,6 ,4 ,Late ( 120 days),WxvzEY_Spoiled Rotten .jpeg
245,241,lfEfjl_Spiderwomen ,62,Lacinted,12 ,4 ,Average(90 days),lfEfjl_Spiderwomen .jpeg
246,242,dxnQxj_ CLEARVIEW JONAS ,20,Pom Pon ,5 ,2.5 ,Early (75 days),dxnQxj_ CLEARVIEW JONAS .jpeg
247,243,zrhOEE_ DANCIN' QUEEN  ,73,Semi-Cactus,6 ,4 ,Late ( 120 days),zrhOEE_ DANCIN' QUEEN  .jpeg
248,244,rEfpxl_ENCORE         ,118,Waterlily ,6 ,4.5 ,Average(90 days),rEfpxl_ENCORE         .jpeg
249,245,OUQtpI_SPOILED ROTTEN     ,78,Incurved Cactus,2 ,3.5 ,Late ( 120 days),OUQtpI_SPOILED ROTTEN     .jpeg
250,246,UzEtEW_BRANDON MICHAEL      ,87,Waterlily ,5 ,2 ,Early (75 days),UzEtEW_BRANDON MICHAEL      .jpeg
251,247,rdQQOY_  MIKAYLA MIRANDA        ,48,Formal Decorative,7 ,5 ,Average(90 days),rdQQOY_  MIKAYLA MIRANDA        .jpeg
252,248,zrnWxl_       ENCHANTRESS         ,76,Formal Decorative,5 ,4 ,Average(90 days),zrnWxl_       ENCHANTRESS         .jpeg
253,249,tdSOjn_ BRIDEZILLA   ,42,Informal Decorative ,5 ,4 ,Average(90 days),tdSOjn_ BRIDEZILLA   .jpeg
254,250,dxnllU_      DIVA     ,88,Pom Pon ,6 ,4 ,Late ( 120 days),dxnllU_      DIVA     .jpeg
255,251,Qrhzhl_      DUET               ,19,Collarette ,5 ,4.5 ,Late ( 120 days),Qrhzhl_      DUET               .jpeg
256,252,OQatOx_CROSSFIELD EBONY  ,89,Ball,7 ,5 ,Average(90 days),OQatOx_CROSSFIELD EBONY  .jpeg
257,253,zUnrvn_   VOODOO     ,93,Cactus,7 ,4.5 ,Average(90 days),zUnrvn_   VOODOO     .jpeg
258,254,afOQrQ_  CRAZY LEGS ,67,Incurved Cactus,8 ,3.5 ,Late ( 120 days),afOQrQ_  CRAZY LEGS .jpeg
259,255,hpjtYO_  FLUFFLES ,125,Waterlily ,7 ,4 ,Late ( 120 days),hpjtYO_  FLUFFLES .jpeg
260,256,Yxptzh_santa claus,53,Informal Decorative ,5 ,4 ,Early (75 days),Yxptzh_santa claus.jpeg
261,257,lYQbrK_Katie,73,Lacinted,7 ,4.5 ,Late ( 120 days),lYQbrK_Katie.jpeg
262,258,SYIvdd_Verone,15,Collarette ,5 ,4.5 ,Late ( 120 days),SYIvdd_Verone.jpeg
263,259,SSjzbM_Cheyenne,13,Collarette ,9 ,4.5 ,Late ( 120 days),SSjzbM_Cheyenne.jpeg
264,260,hQxjQj_Zucc Robert ,103,Incurved Cactus,3.5 ,4.5 ,Average(90 days),hQxjQj_Zucc Robert .jpeg
265,261,YtWYQI_Poppers ,37,Orchid ,7 ,5 ,Late ( 120 days),YtWYQI_Poppers .jpeg
266,262,OIbSvh_Urchin ,128,Informal Decorative ,7 ,4 ,Late ( 120 days),OIbSvh_Urchin .jpeg
267,263,xbfpCC_Dreamcatcher ,124,Orchid ,4 ,5 ,Late ( 120 days),xbfpCC_Dreamcatcher .jpeg
268,264,CjlOEY_Beep Beep ,102,Semi-Cactus,7 ,5 ,Average(90 days),CjlOEY_Beep Beep .jpeg
269,265,fjMalj_Jennifer's Wedding ,62,Incurved Cactus,4 ,4 ,Late ( 120 days),fjMalj_Jennifer's Wedding .jpeg
270,266,fvavnK_A-Peeling ,39,Decorative,6 ,4.5 ,Late ( 120 days),fvavnK_A-Peeling .jpeg
271,267,SOUStW_Duet ,55,Orchid ,4 ,4 ,Late ( 120 days),SOUStW_Duet .jpeg
272,268,xCvrnW_Einstein ,72,Orchid ,6 ,4.5 ,Early (75 days),xCvrnW_Einstein .jpeg
273,269,lprCpI_Tutti Frutti ,39,Lacinted,5 ,2.5 ,Early (75 days),lprCpI_Tutti Frutti .jpeg
274,270,rvtpCj_Ryan C ,46,Collarette ,4 ,4 ,Late ( 120 days),rvtpCj_Ryan C .jpeg
275,271,hvnOfn_Teddy ,71,Informal Decorative ,2 ,3 ,Average(90 days),hvnOfn_Teddy .jpeg
276,272,YxCEjG_Spartacus ,64,Incurved Cactus,11 ,5 ,Late ( 120 days),YxCEjG_Spartacus .jpeg
277,273,CfMKtx_Wildcat ,97,Decorative,6 ,4 ,Late ( 120 days),CfMKtx_Wildcat .jpeg
278,274,bjUYYn_Cabana Banana ,93,Ball,12 ,4 ,Average(90 days),bjUYYn_Cabana Banana .jpeg
279,275,WOarnz_Citron Du Cap ,110,Collarette ,5 ,2.5 ,Early (75 days),WOarnz_Citron Du Cap .jpeg
280,276,apdaxO_Clearview Daniel ,32,Waterlily ,6 ,4 ,Late ( 120 days),apdaxO_Clearview Daniel .jpeg
281,277,vdIpUr_Pinelands Pam ,6,Semi-Cactus,6 ,4.5 ,Average(90 days),vdIpUr_Pinelands Pam .jpeg
282,278,zYIUUl_Willie Willie ,96,Semi-Cactus,2 ,3.5 ,Late ( 120 days),zYIUUl_Willie Willie .jpeg
283,279,MGtpIE_Bold Accent ,32,Semi-Cactus,5 ,2 ,Early (75 days),MGtpIE_Bold Accent .jpeg
284,280,lMnYWf_Wheels ,22,Informal Decorative ,7 ,5 ,Average(90 days),lMnYWf_Wheels .jpeg
285,281,xnQEYd_Innocense ,25,Cactus,5 ,4 ,Average(90 days),xnQEYd_Innocense .jpeg
286,282,xWbEMz_Half Pint ,91,Lacinted,5 ,4 ,Average(90 days),xWbEMz_Half Pint .jpeg
287,283,EUGdfE_Hulin's Carnival ,108,Cactus,6 ,4 ,Late ( 120 days),EUGdfE_Hulin's Carnival .jpeg
288,284,dMMvvv_Mary Munns ,51,Waterlily ,5 ,4.5 ,Late ( 120 days),dMMvvv_Mary Munns .jpeg
289,285,vMpGaj_Bodacious ,57,Waterlily ,7 ,5 ,Average(90 days),vMpGaj_Bodacious .jpeg
290,286,GUWaCU_Lady Liberty ,55,Collarette ,7 ,4.5 ,Average(90 days),GUWaCU_Lady Liberty .jpeg
291,287,lQrfaG_Maniac ,100,Formal Decorative,8 ,3.5 ,Late ( 120 days),lQrfaG_Maniac .jpeg
292,288,tpzCln_Matilda Huston ,50,Decorative,7 ,4 ,Late ( 120 days),tpzCln_Matilda Huston .jpeg
293,289,StbtCI_Juanita ,86,Ball,5 ,4 ,Early (75 days),StbtCI_Juanita .jpeg
294,290,zhYYvM_Steven David ,107,Decorative,7 ,4.5 ,Late ( 120 days),zhYYvM_Steven David .jpeg
295,291,jOMvOO_Kasasagi ,16,Waterlily ,5 ,4.5 ,Late ( 120 days),jOMvOO_Kasasagi .jpeg
296,292,ErQYaM_Tahiti Sunrise ,95,Incurved Cactus,9 ,4.5 ,Late ( 120 days),ErQYaM_Tahiti Sunrise .jpeg
297,293,SjYMpp_Spoiled Rotten ,33,Waterlily ,3.5 ,4.5 ,Average(90 days),SjYMpp_Spoiled Rotten .jpeg
298,294,OhOdzb_Spiderwomen ,98,Orchid ,7 ,5 ,Late ( 120 days),OhOdzb_Spiderwomen .jpeg
299,295,xlQvMd_ CLEARVIEW JONAS ,116,Collarette ,7 ,4 ,Late ( 120 days),xlQvMd_ CLEARVIEW JONAS .jpeg
300,296,IUpnrI_ DANCIN' QUEEN  ,119,Waterlily ,4 ,5 ,Late ( 120 days),IUpnrI_ DANCIN' QUEEN  .jpeg
301,297,hCdUYx_ENCORE         ,106,Incurved Cactus,7 ,5 ,Average(90 days),hCdUYx_ENCORE         .jpeg
302,298,SUIYIC_SPOILED ROTTEN     ,65,Ball,4 ,4 ,Late ( 120 days),SUIYIC_SPOILED ROTTEN     .jpeg
303,299,rdprjd_BRANDON MICHAEL      ,17,Incurved Cactus,6 ,4.5 ,Late ( 120 days),rdprjd_BRANDON MICHAEL      .jpeg
304,300,hQSbMf_  MIKAYLA MIRANDA        ,47,Waterlily ,4 ,4 ,Late ( 120 days),hQSbMf_  MIKAYLA MIRANDA        .jpeg
305,301,CldhtQ_       ENCHANTRESS         ,18,Informal Decorative ,6 ,4.5 ,Early (75 days),CldhtQ_       ENCHANTRESS         .jpeg
306,302,CxhYSC_ BRIDEZILLA   ,82,Ball,5 ,2.5 ,Early (75 days),CxhYSC_ BRIDEZILLA   .jpeg
307,303,zWlnOa_      DIVA     ,30,Cactus,4 ,4 ,Late ( 120 days),zWlnOa_      DIVA     .jpeg
308,304,SxIEaj_      DUET               ,47,Pom Pon ,2 ,3 ,Average(90 days),SxIEaj_      DUET               .jpeg
309,305,OGrCzK_CROSSFIELD EBONY  ,89,Collarette ,11 ,5 ,Late ( 120 days),OGrCzK_CROSSFIELD EBONY  .jpeg
310,306,SWtKUj_   VOODOO     ,56,Formal Decorative,6 ,4 ,Late ( 120 days),SWtKUj_   VOODOO     .jpeg
311,307,habhQE_  CRAZY LEGS ,89,Collarette ,12 ,4 ,Average(90 days),habhQE_  CRAZY LEGS .jpeg
312,308,UjjOxd_  FLUFFLES ,65,Decorative,5 ,2.5 ,Early (75 days),UjjOxd_  FLUFFLES .jpeg
313,309,dpzpvW_santa claus,110,Lacinted,6 ,4 ,Late ( 120 days),dpzpvW_santa claus.jpeg
314,310,WxWbrI_Katie,102,Informal Decorative ,6 ,4.5 ,Average(90 days),WxWbrI_Katie.jpeg
315,311,jlOYtf_Verone,39,Formal Decorative,2 ,3.5 ,Late ( 120 days),jlOYtf_Verone.jpeg
316,312,hpEMpr_Cheyenne,30,Orchid ,5 ,2 ,Early (75 days),hpEMpr_Cheyenne.jpeg
317,313,KzxxnS_Zucc Robert ,11,Collarette ,7 ,5 ,Average(90 days),KzxxnS_Zucc Robert .jpeg
318,314,tOdjpa_Poppers ,81,Decorative,5 ,4 ,Average(90 days),tOdjpa_Poppers .jpeg
319,315,ftpExa_Urchin ,113,Decorative,5 ,4 ,Average(90 days),ftpExa_Urchin .jpeg
320,316,fGUYOj_Dreamcatcher ,98,Decorative,6 ,4 ,Late ( 120 days),fGUYOj_Dreamcatcher .jpeg
321,317,tIWSlf_Beep Beep ,51,Formal Decorative,5 ,4.5 ,Late ( 120 days),tIWSlf_Beep Beep .jpeg
322,318,KztzYK_Jennifer's Wedding ,46,Collarette ,7 ,5 ,Average(90 days),KztzYK_Jennifer's Wedding .jpeg
323,319,EnnCja_A-Peeling ,117,Waterlily ,7 ,4.5 ,Average(90 days),EnnCja_A-Peeling .jpeg
324,320,ObdGCC_Duet ,87,Formal Decorative,8 ,3.5 ,Late ( 120 days),ObdGCC_Duet .jpeg
325,321,bfdMWn_Einstein ,51,Collarette ,7 ,4 ,Late ( 120 days),bfdMWn_Einstein .jpeg
326,322,vYWazW_Tutti Frutti ,9,Decorative,5 ,4 ,Early (75 days),vYWazW_Tutti Frutti .jpeg
327,323,fSQYIr_Ryan C ,76,Informal Decorative ,7 ,4.5 ,Late ( 120 days),fSQYIr_Ryan C .jpeg
328,324,QEObjp_Teddy ,97,Collarette ,5 ,4.5 ,Late ( 120 days),QEObjp_Teddy .jpeg
329,325,rxMllv_Spartacus ,51,Ball,9 ,4.5 ,Late ( 120 days),rxMllv_Spartacus .jpeg
330,326,GKtYth_Wildcat ,2,Semi-Cactus,3.5 ,4.5 ,Average(90 days),GKtYth_Wildcat .jpeg
331,327,MECOrn_Cabana Banana ,18,Collarette ,7 ,5 ,Late ( 120 days),MECOrn_Cabana Banana .jpeg
332,328,jvStQp_Citron Du Cap ,104,Incurved Cactus,7 ,4 ,Late ( 120 days),jvStQp_Citron Du Cap .jpeg
333,329,GUGbhv_Clearview Daniel ,77,Pom Pon ,4 ,5 ,Late ( 120 days),GUGbhv_Clearview Daniel .jpeg
334,330,UtpCGb_Pinelands Pam ,111,Informal Decorative ,7 ,5 ,Average(90 days),UtpCGb_Pinelands Pam .jpeg
335,331,Qvpvnx_Willie Willie ,76,Formal Decorative,4 ,4 ,Late ( 120 days),Qvpvnx_Willie Willie .jpeg
336,332,OttCGS_Bold Accent ,125,Collarette ,6 ,4.5 ,Late ( 120 days),OttCGS_Bold Accent .jpeg
337,333,rttIfa_Wheels ,60,Collarette ,4 ,4 ,Late ( 120 days),rttIfa_Wheels .jpeg
338,334,CQKjQS_Innocense ,104,Informal Decorative ,6 ,4.5 ,Early (75 days),CQKjQS_Innocense .jpeg
339,335,vnYSpM_Half Pint ,95,Formal Decorative,5 ,2.5 ,Early (75 days),vnYSpM_Half Pint .jpeg
340,336,WdSIYQ_Hulin's Carnival ,1,Lacinted,4 ,4 ,Late ( 120 days),WdSIYQ_Hulin's Carnival .jpeg
341,337,ESbdUM_Mary Munns ,121,Incurved Cactus,2 ,3 ,Average(90 days),ESbdUM_Mary Munns .jpeg
342,338,MrYtvp_Bodacious ,36,Orchid ,11 ,5 ,Late ( 120 days),MrYtvp_Bodacious .jpeg
343,339,MhQYfC_Lady Liberty ,83,Formal Decorative,6 ,4 ,Late ( 120 days),MhQYfC_Lady Liberty .jpeg
344,340,GQYzKz_Maniac ,98,Collarette ,12 ,4 ,Average(90 days),GQYzKz_Maniac .jpeg
345,341,lGQnjQ_Matilda Huston ,38,Incurved Cactus,5 ,2.5 ,Early (75 days),lGQnjQ_Matilda Huston .jpeg
346,342,KxQEtK_Juanita ,65,Lacinted,6 ,4 ,Late ( 120 days),KxQEtK_Juanita .jpeg
347,343,ltQhpW_Steven David ,24,Pom Pon ,6 ,4.5 ,Average(90 days),ltQhpW_Steven David .jpeg
348,344,xdKaGp_Kasasagi ,85,Decorative,2 ,3.5 ,Late ( 120 days),xdKaGp_Kasasagi .jpeg
349,345,pjEzKt_Tahiti Sunrise ,41,Lacinted,5 ,2 ,Early (75 days),pjEzKt_Tahiti Sunrise .jpeg
350,346,OvlfUQ_Spoiled Rotten ,120,Collarette ,7 ,5 ,Average(90 days),OvlfUQ_Spoiled Rotten .jpeg
351,347,MnxQvn_Spiderwomen ,44,Semi-Cactus,5 ,4 ,Average(90 days),MnxQvn_Spiderwomen .jpeg
352,348,njMjhC_ CLEARVIEW JONAS ,2,Incurved Cactus,5 ,4 ,Average(90 days),njMjhC_ CLEARVIEW JONAS .jpeg
353,349,CxzKKz_ DANCIN' QUEEN  ,99,Collarette ,6 ,4 ,Late ( 120 days),CxzKKz_ DANCIN' QUEEN  .jpeg
354,350,dtpUUU_ENCORE         ,12,Incurved Cactus,5 ,4.5 ,Late ( 120 days),dtpUUU_ENCORE         .jpeg
355,351,UbQvYb_SPOILED ROTTEN     ,43,Semi-Cactus,7 ,5 ,Average(90 days),UbQvYb_SPOILED ROTTEN     .jpeg
356,352,EzvEMM_BRANDON MICHAEL      ,34,Ball,7 ,4.5 ,Average(90 days),EzvEMM_BRANDON MICHAEL      .jpeg
357,353,bhEGaI_  MIKAYLA MIRANDA        ,89,Semi-Cactus,8 ,3.5 ,Late ( 120 days),bhEGaI_  MIKAYLA MIRANDA        .jpeg
358,354,IUGxYf_       ENCHANTRESS         ,37,Waterlily ,7 ,4 ,Late ( 120 days),IUGxYf_       ENCHANTRESS         .jpeg
359,355,QrlQYU_ BRIDEZILLA   ,90,Orchid ,5 ,4 ,Early (75 days),QrlQYU_ BRIDEZILLA   .jpeg
360,356,pIUMKh_      DIVA     ,98,Collarette ,7 ,4.5 ,Late ( 120 days),pIUMKh_      DIVA     .jpeg
361,357,hYEllU_      DUET               ,22,Formal Decorative,5 ,4.5 ,Late ( 120 days),hYEllU_      DUET               .jpeg
362,358,UrCMta_CROSSFIELD EBONY  ,94,Collarette ,9 ,4.5 ,Late ( 120 days),UrCMta_CROSSFIELD EBONY  .jpeg
363,359,zpSOCI_   VOODOO     ,46,Orchid ,3.5 ,4.5 ,Average(90 days),zpSOCI_   VOODOO     .jpeg
364,360,aGdhCa_  CRAZY LEGS ,96,Incurved Cactus,7 ,5 ,Late ( 120 days),aGdhCa_  CRAZY LEGS .jpeg
365,361,MaplSn_  FLUFFLES ,105,Collarette ,7 ,4 ,Late ( 120 days),MaplSn_  FLUFFLES .jpeg
366,362,xYIQfv_santa claus,77,Formal Decorative,4 ,5 ,Late ( 120 days),xYIQfv_santa claus.jpeg
367,363,WlUMSK_Katie,11,Semi-Cactus,7 ,5 ,Average(90 days),WlUMSK_Katie.jpeg
368,364,CYxOYE_Verone,22,Waterlily ,4 ,4 ,Late ( 120 days),CYxOYE_Verone.jpeg
369,365,zMErah_Cheyenne,92,Waterlily ,6 ,4.5 ,Late ( 120 days),zMErah_Cheyenne.jpeg
370,366,vOxWIh_Zucc Robert ,32,Ball,4 ,4 ,Late ( 120 days),vOxWIh_Zucc Robert .jpeg
371,367,rlvxjC_Urchin ,122,Informal Decorative ,6 ,4.5 ,Early (75 days),rlvxjC_Urchin .jpeg
372,368,MMSKQE_Dreamcatcher ,50,Pom Pon ,5 ,2.5 ,Early (75 days),MMSKQE_Dreamcatcher .jpeg
373,369,GGMzvC_Beep Beep ,95,Incurved Cactus,4 ,4 ,Late ( 120 days),GGMzvC_Beep Beep .jpeg
374,370,OGxhGd_Jennifer's Wedding ,18,Informal Decorative ,2 ,3 ,Average(90 days),OGxhGd_Jennifer's Wedding .jpeg
375,371,CWEWfd_A-Peeling ,44,Lacinted,11 ,5 ,Late ( 120 days),CWEWfd_A-Peeling .jpeg
376,372,CGUKbr_Duet ,100,Cactus,6 ,4 ,Late ( 120 days),CGUKbr_Duet .jpeg
377,373,pUlrnj_Einstein ,73,Orchid ,12 ,4 ,Average(90 days),pUlrnj_Einstein .jpeg
378,374,vEIpbh_Tutti Frutti ,16,Waterlily ,5 ,2.5 ,Early (75 days),vEIpbh_Tutti Frutti .jpeg
379,375,nrlvCj_Ryan C ,61,Collarette ,6 ,4 ,Late ( 120 days),nrlvCj_Ryan C .jpeg
380,376,ChrYnr_Teddy ,52,Pom Pon ,6 ,4.5 ,Average(90 days),ChrYnr_Teddy .jpeg
381,377,tCzYIz_Spartacus ,88,Incurved Cactus,2 ,3.5 ,Late ( 120 days),tCzYIz_Spartacus .jpeg
382,378,CbbUdS_Wildcat ,100,Cactus,5 ,2 ,Early (75 days),CbbUdS_Wildcat .jpeg
383,379,ahxSpn_Cabana Banana ,103,Waterlily ,7 ,5 ,Average(90 days),ahxSpn_Cabana Banana .jpeg
384,380,UhYdhI_Citron Du Cap ,59,Waterlily ,5 ,4 ,Average(90 days),UhYdhI_Citron Du Cap .jpeg
385,381,zWpYfI_Clearview Daniel ,21,Lacinted,5 ,4 ,Average(90 days),zWpYfI_Clearview Daniel .jpeg
386,382,bvnSvW_Pinelands Pam ,40,Lacinted,6 ,4 ,Late ( 120 days),bvnSvW_Pinelands Pam .jpeg
387,383,QzffWj_Willie Willie ,42,Collarette ,5 ,4.5 ,Late ( 120 days),QzffWj_Willie Willie .jpeg
388,384,zOGOra_Bold Accent ,87,Waterlily ,7 ,5 ,Average(90 days),zOGOra_Bold Accent .jpeg
389,385,nCQxQl_Wheels ,94,Lacinted,7 ,4.5 ,Average(90 days),nCQxQl_Wheels .jpeg
390,386,aEWvQE_Innocense ,73,Waterlily ,8 ,3.5 ,Late ( 120 days),aEWvQE_Innocense .jpeg
391,387,nEUIda_Half Pint ,41,Informal Decorative ,7 ,4 ,Late ( 120 days),nEUIda_Half Pint .jpeg
392,388,EzKdfx_Hulin's Carnival ,71,Formal Decorative,5 ,4 ,Early (75 days),EzKdfx_Hulin's Carnival .jpeg
393,389,vpGdlY_Mary Munns ,125,Orchid ,7 ,4.5 ,Late ( 120 days),vpGdlY_Mary Munns .jpeg
394,390,naSQGh_Bodacious ,94,Informal Decorative ,5 ,4.5 ,Late ( 120 days),naSQGh_Bodacious .jpeg
395,391,IpMQOr_Lady Liberty ,90,Collarette ,9 ,4.5 ,Late ( 120 days),IpMQOr_Lady Liberty .jpeg
396,392,SMfWjO_Maniac ,107,Collarette ,3.5 ,4.5 ,Average(90 days),SMfWjO_Maniac .jpeg
397,393,dIUCbp_Matilda Huston ,116,Semi-Cactus,7 ,5 ,Late ( 120 days),dIUCbp_Matilda Huston .jpeg
398,394,ptbxYr_Juanita ,3,Waterlily ,7 ,4 ,Late ( 120 days),ptbxYr_Juanita .jpeg
399,395,QGaKrY_Steven David ,34,Waterlily ,4 ,5 ,Late ( 120 days),QGaKrY_Steven David .jpeg
400,396,pQSjtS_Kasasagi ,49,Incurved Cactus,7 ,5 ,Average(90 days),pQSjtS_Kasasagi .jpeg
401,397,nOQOzn_Tahiti Sunrise ,119,Ball,4 ,4 ,Late ( 120 days),nOQOzn_Tahiti Sunrise .jpeg
402,398,rhWUrU_Spoiled Rotten ,7,Semi-Cactus,6 ,4.5 ,Late ( 120 days),rhWUrU_Spoiled Rotten .jpeg
403,399,dMvxdz_Spiderwomen ,73,Waterlily ,4 ,4 ,Late ( 120 days),dMvxdz_Spiderwomen .jpeg
404,400,zhrYOt_ CLEARVIEW JONAS ,84,Waterlily ,6 ,4.5 ,Early (75 days),zhrYOt_ CLEARVIEW JONAS .jpeg
405,401,EdvCMK_ DANCIN' QUEEN  ,116,Waterlily ,5 ,2.5 ,Early (75 days),EdvCMK_ DANCIN' QUEEN  .jpeg
406,402,UlbQxU_ENCORE         ,101,Semi-Cactus,4 ,4 ,Late ( 120 days),UlbQxU_ENCORE         .jpeg
407,403,jdUCSr_SPOILED ROTTEN     ,33,Semi-Cactus,2 ,3 ,Average(90 days),jdUCSr_SPOILED ROTTEN     .jpeg
408,404,fhUhfE_BRANDON MICHAEL      ,107,Collarette ,11 ,5 ,Late ( 120 days),fhUhfE_BRANDON MICHAEL      .jpeg
409,405,laxWEz_  MIKAYLA MIRANDA        ,34,Formal Decorative,6 ,4 ,Late ( 120 days),laxWEz_  MIKAYLA MIRANDA        .jpeg
410,406,dSQWpQ_       ENCHANTRESS         ,114,Semi-Cactus,12 ,4 ,Average(90 days),dSQWpQ_       ENCHANTRESS         .jpeg
411,407,ztvMff_ BRIDEZILLA   ,16,Semi-Cactus,5 ,2.5 ,Early (75 days),ztvMff_ BRIDEZILLA   .jpeg
412,408,QYGtbp_      DIVA     ,109,Formal Decorative,6 ,4 ,Late ( 120 days),QYGtbp_      DIVA     .jpeg
413,409,OxhOzG_      DUET               ,44,Collarette ,6 ,4.5 ,Average(90 days),OxhOzG_      DUET               .jpeg
414,410,WEIGnW_CROSSFIELD EBONY  ,19,Lacinted,2 ,3.5 ,Late ( 120 days),WEIGnW_CROSSFIELD EBONY  .jpeg
415,411,bOanKj_   VOODOO     ,127,Lacinted,5 ,2 ,Early (75 days),bOanKj_   VOODOO     .jpeg
416,412,jahdMf_  CRAZY LEGS ,114,Collarette ,7 ,5 ,Average(90 days),jahdMf_  CRAZY LEGS .jpeg
417,413,bKOvIK_  FLUFFLES ,82,Waterlily ,5 ,4 ,Average(90 days),bKOvIK_  FLUFFLES .jpeg
418,414,zMCtOt_santa claus,80,Collarette ,5 ,4 ,Average(90 days),zMCtOt_santa claus.jpeg
419,415,GIMtjY_Katie,90,Formal Decorative,6 ,4 ,Late ( 120 days),GIMtjY_Katie.jpeg
420,416,rpQfvI_Verone,103,Orchid ,5 ,4.5 ,Late ( 120 days),rpQfvI_Verone.jpeg
421,417,nUKllM_Cheyenne,117,Decorative,7 ,5 ,Average(90 days),nUKllM_Cheyenne.jpeg
422,418,IYKOrl_Zucc Robert ,63,Waterlily ,7 ,4.5 ,Average(90 days),IYKOrl_Zucc Robert .jpeg
423,419,OGvxrG_Poppers ,40,Collarette ,8 ,3.5 ,Late ( 120 days),OGvxrG_Poppers .jpeg
424,420,vxbYYl_Urchin ,52,Waterlily ,7 ,4 ,Late ( 120 days),vxbYYl_Urchin .jpeg
425,421,llIjGv_Dreamcatcher ,24,Cactus,5 ,4 ,Early (75 days),llIjGv_Dreamcatcher .jpeg
426,422,hnWnnp_Beep Beep ,49,Collarette ,7 ,4.5 ,Late ( 120 days),hnWnnp_Beep Beep .jpeg
427,423,QxYhbO_Jennifer's Wedding ,10,Formal Decorative,5 ,4.5 ,Late ( 120 days),QxYhbO_Jennifer's Wedding .jpeg
428,424,IxOzrd_A-Peeling ,108,Waterlily ,9 ,4.5 ,Late ( 120 days),IxOzrd_A-Peeling .jpeg
429,425,jfGxah_Duet ,27,Orchid ,3.5 ,4.5 ,Average(90 days),jfGxah_Duet .jpeg
430,426,QISKGU_Einstein ,7,Pom Pon ,7 ,5 ,Late ( 120 days),QISKGU_Einstein .jpeg
431,427,rxYfhh_Tutti Frutti ,69,Cactus,7 ,4 ,Late ( 120 days),rxYfhh_Tutti Frutti .jpeg
432,428,jrKCdn_Ryan C ,84,Formal Decorative,4 ,5 ,Late ( 120 days),jrKCdn_Ryan C .jpeg
433,429,rdfEGI_Teddy ,118,Incurved Cactus,7 ,5 ,Average(90 days),rdfEGI_Teddy .jpeg
434,430,nrCSaf_Spartacus ,37,Collarette ,4 ,4 ,Late ( 120 days),nrCSaf_Spartacus .jpeg
435,431,MvIUWf_Wildcat ,66,Decorative,6 ,4.5 ,Late ( 120 days),MvIUWf_Wildcat .jpeg
436,432,jdMtKQ_Cabana Banana ,5,Waterlily ,4 ,4 ,Late ( 120 days),jdMtKQ_Cabana Banana .jpeg
437,433,QUxElE_Citron Du Cap ,39,Waterlily ,6 ,4.5 ,Early (75 days),QUxElE_Citron Du Cap .jpeg
438,434,ExaWlt_Clearview Daniel ,34,Decorative,5 ,2.5 ,Early (75 days),ExaWlt_Clearview Daniel .jpeg
439,435,GUEWKl_Pinelands Pam ,29,Pom Pon ,4 ,4 ,Late ( 120 days),GUEWKl_Pinelands Pam .jpeg
440,436,nhfbMG_Willie Willie ,72,Waterlily ,2 ,3 ,Average(90 days),nhfbMG_Willie Willie .jpeg
441,437,tSdrKK_Bold Accent ,111,Waterlily ,11 ,5 ,Late ( 120 days),tSdrKK_Bold Accent .jpeg
442,438,jnIpvS_Wheels ,73,Collarette ,6 ,4 ,Late ( 120 days),jnIpvS_Wheels .jpeg
443,439,xrblxM_Innocense ,116,Waterlily ,12 ,4 ,Average(90 days),xrblxM_Innocense .jpeg
444,440,OtnpCl_Half Pint ,56,Pom Pon ,5 ,2.5 ,Early (75 days),OtnpCl_Half Pint .jpeg
445,441,vIYGGa_Hulin's Carnival ,121,Decorative,6 ,4 ,Late ( 120 days),vIYGGa_Hulin's Carnival .jpeg
446,442,nfQOGn_Mary Munns ,58,Ball,6 ,4.5 ,Average(90 days),nfQOGn_Mary Munns .jpeg
447,443,athxWj_Bodacious ,81,Collarette ,2 ,3.5 ,Late ( 120 days),athxWj_Bodacious .jpeg
448,444,KIIEzW_Lady Liberty ,19,Collarette ,5 ,2 ,Early (75 days),KIIEzW_Lady Liberty .jpeg
449,445,QrEnlb_Maniac ,77,Decorative,7 ,5 ,Average(90 days),QrEnlb_Maniac .jpeg
450,446,xxQKhW_Matilda Huston ,123,Collarette ,5 ,4 ,Average(90 days),xxQKhW_Matilda Huston .jpeg
451,447,paYxGO_Juanita ,81,Orchid ,5 ,4 ,Average(90 days),paYxGO_Juanita .jpeg
452,448,CWIMar_Steven David ,85,Informal Decorative ,6 ,4 ,Late ( 120 days),CWIMar_Steven David .jpeg
453,449,txdMdl_Kasasagi ,103,Collarette ,5 ,4.5 ,Late ( 120 days),txdMdl_Kasasagi .jpeg
454,450,KEpvbS_Tahiti Sunrise ,91,Informal Decorative ,7 ,5 ,Average(90 days),KEpvbS_Tahiti Sunrise .jpeg
455,451,zaYrtU_Spoiled Rotten ,74,Collarette ,7 ,4.5 ,Average(90 days),zaYrtU_Spoiled Rotten .jpeg
456,452,ChCIrz_Spiderwomen ,29,Pom Pon ,8 ,3.5 ,Late ( 120 days),ChCIrz_Spiderwomen .jpeg
457,453,zfGCSS_ CLEARVIEW JONAS ,48,Semi-Cactus,7 ,4 ,Late ( 120 days),zfGCSS_ CLEARVIEW JONAS .jpeg
458,454,IIfbOb_ DANCIN' QUEEN  ,26,Waterlily ,5 ,4 ,Early (75 days),IIfbOb_ DANCIN' QUEEN  .jpeg
459,455,OObEWI_ENCORE         ,112,Incurved Cactus,7 ,4.5 ,Late ( 120 days),OObEWI_ENCORE         .jpeg
460,456,lIpOEv_SPOILED ROTTEN     ,104,Lacinted,5 ,4.5 ,Late ( 120 days),lIpOEv_SPOILED ROTTEN     .jpeg
461,457,ntdESn_BRANDON MICHAEL      ,20,Collarette ,9 ,4.5 ,Late ( 120 days),ntdESn_BRANDON MICHAEL      .jpeg
462,458,GxrSEj_  MIKAYLA MIRANDA        ,56,Collarette ,3.5 ,4.5 ,Average(90 days),GxrSEj_  MIKAYLA MIRANDA        .jpeg
463,459,Kdffdv_       ENCHANTRESS         ,21,Collarette ,7 ,5 ,Late ( 120 days),Kdffdv_       ENCHANTRESS         .jpeg
464,460,aUMIjx_ BRIDEZILLA   ,18,Ball,7 ,4 ,Late ( 120 days),aUMIjx_ BRIDEZILLA   .jpeg
465,461,jMSrxf_      DIVA     ,4,Cactus,4 ,5 ,Late ( 120 days),jMSrxf_      DIVA     .jpeg
466,462,SanWGI_      DUET               ,18,Incurved Cactus,7 ,5 ,Average(90 days),SanWGI_      DUET               .jpeg
467,463,hbnpCn_CROSSFIELD EBONY  ,96,Waterlily ,4 ,4 ,Late ( 120 days),hbnpCn_CROSSFIELD EBONY  .jpeg
468,464,pIOftp_   VOODOO     ,4,Waterlily ,6 ,4.5 ,Late ( 120 days),pIOftp_   VOODOO     .jpeg
469,465,Qhrprl_  CRAZY LEGS ,98,Pom Pon ,4 ,4 ,Late ( 120 days),Qhrprl_  CRAZY LEGS .jpeg
470,466,MShaYn_  FLUFFLES ,94,Waterlily ,6 ,4.5 ,Early (75 days),MShaYn_  FLUFFLES .jpeg
471,467,vWQWKj_santa claus,57,Waterlily ,5 ,2.5 ,Early (75 days),vWQWKj_santa claus.jpeg
472,468,favQCl_Katie,21,Formal Decorative,4 ,4 ,Late ( 120 days),favQCl_Katie.jpeg
473,469,zOxvhC_Verone,98,Semi-Cactus,2 ,3 ,Average(90 days),zOxvhC_Verone.jpeg
474,470,EWCdjx_Cheyenne,62,Incurved Cactus,11 ,5 ,Late ( 120 days),EWCdjx_Cheyenne.jpeg
475,471,YzWvaj_Zucc Robert ,34,Pom Pon ,6 ,4 ,Late ( 120 days),YzWvaj_Zucc Robert .jpeg
476,472,SKExlE_Poppers ,61,Collarette ,12 ,4 ,Average(90 days),SKExlE_Poppers .jpeg
477,473,hWpCtp_Urchin ,85,Semi-Cactus,5 ,2.5 ,Early (75 days),hWpCtp_Urchin .jpeg
478,474,WvEOrW_Dreamcatcher ,102,Ball,6 ,4 ,Late ( 120 days),WvEOrW_Dreamcatcher .jpeg
479,475,aIjKxd_Beep Beep ,76,Orchid ,6 ,4.5 ,Average(90 days),aIjKxd_Beep Beep .jpeg
480,476,jjaQOr_Jennifer's Wedding ,91,Collarette ,2 ,3.5 ,Late ( 120 days),jjaQOr_Jennifer's Wedding .jpeg
481,477,KhfnSG_A-Peeling ,9,Collarette ,5 ,2 ,Early (75 days),KhfnSG_A-Peeling .jpeg
482,478,YEbOvG_Duet ,80,Informal Decorative ,7 ,5 ,Average(90 days),YEbOvG_Duet .jpeg
483,479,EQCrtC_Einstein ,55,Waterlily ,5 ,4 ,Average(90 days),EQCrtC_Einstein .jpeg
484,480,YOvtbE_Tutti Frutti ,57,Waterlily ,5 ,4 ,Average(90 days),YOvtbE_Tutti Frutti .jpeg
485,481,KfYGbQ_Ryan C ,125,Formal Decorative,6 ,4 ,Late ( 120 days),KfYGbQ_Ryan C .jpeg
486,482,GpQUOp_Teddy ,72,Cactus,5 ,4.5 ,Late ( 120 days),GpQUOp_Teddy .jpeg
487,483,WjpdnU_Spartacus ,31,Cactus,7 ,5 ,Average(90 days),WjpdnU_Spartacus .jpeg
488,484,Chpvav_Wildcat ,70,Cactus,7 ,4.5 ,Average(90 days),Chpvav_Wildcat .jpeg
489,485,MjzUjW_Cabana Banana ,102,Collarette ,8 ,3.5 ,Late ( 120 days),MjzUjW_Cabana Banana .jpeg
490,486,KjrSMY_Citron Du Cap ,79,Ball,7 ,4 ,Late ( 120 days),KjrSMY_Citron Du Cap .jpeg
491,487,xUndfY_Clearview Daniel ,127,Informal Decorative ,5 ,4 ,Early (75 days),xUndfY_Clearview Daniel .jpeg
492,488,GGGGdt_Pinelands Pam ,6,Decorative,7 ,4.5 ,Late ( 120 days),GGGGdt_Pinelands Pam .jpeg
493,489,KjUrfW_Willie Willie ,69,Collarette ,5 ,4.5 ,Late ( 120 days),KjUrfW_Willie Willie .jpeg
494,490,WCnrSl_Bold Accent ,69,Collarette ,9 ,4.5 ,Late ( 120 days),WCnrSl_Bold Accent .jpeg
495,491,CxEzhM_Wheels ,111,Orchid ,3.5 ,4.5 ,Average(90 days),CxEzhM_Wheels .jpeg
496,492,zfQvnO_Innocense ,33,Orchid ,7 ,5 ,Late ( 120 days),zfQvnO_Innocense .jpeg
497,493,zOIMEU_Half Pint ,95,Lacinted,7 ,4 ,Late ( 120 days),zOIMEU_Half Pint .jpeg
498,494,zzrKfK_Hulin's Carnival ,58,Informal Decorative ,4 ,5 ,Late ( 120 days),zzrKfK_Hulin's Carnival .jpeg
499,495,WUQQbz_Mary Munns ,56,Incurved Cactus,7 ,5 ,Average(90 days),WUQQbz_Mary Munns .jpeg
500,496,YYKxCG_Bodacious ,8,Pom Pon ,4 ,4 ,Late ( 120 days),YYKxCG_Bodacious .jpeg
501,497,xafhrU_Lady Liberty ,95,Collarette ,6 ,4.5 ,Late ( 120 days),xafhrU_Lady Liberty .jpeg
502,498,ObSvUh_Maniac ,3,Cactus,4 ,4 ,Late ( 120 days),ObSvUh_Maniac .jpeg
503,499,GKztjn_Matilda Huston ,46,Informal Decorative ,6 ,4.5 ,Early (75 days),GKztjn_Matilda Huston .jpeg
504,500,Kntvzf_Juanita ,58,Informal Decorative ,5 ,2.5 ,Early (75 days),Kntvzf_Juanita .jpeg
505,501,vEabrb_Steven David ,39,Decorative,4 ,4 ,Late ( 120 days),vEabrb_Steven David .jpeg
506,502,fIjCdf_Kasasagi ,1,Waterlily ,2 ,3 ,Average(90 days),fIjCdf_Kasasagi .jpeg
507,503,naYjdS_Tahiti Sunrise ,98,Lacinted,11 ,5 ,Late ( 120 days),naYjdS_Tahiti Sunrise .jpeg
508,504,GxhvrI_Spoiled Rotten ,51,Formal Decorative,6 ,4 ,Late ( 120 days),GxhvrI_Spoiled Rotten .jpeg
509,505,dlrrvd_Spiderwomen ,112,Decorative,12 ,4 ,Average(90 days),dlrrvd_Spiderwomen .jpeg
510,506,nQpKGK_ CLEARVIEW JONAS ,1,Formal Decorative,5 ,2.5 ,Early (75 days),nQpKGK_ CLEARVIEW JONAS .jpeg
511,507,GrMtzE_ DANCIN' QUEEN  ,73,Formal Decorative,6 ,4 ,Late ( 120 days),GrMtzE_ DANCIN' QUEEN  .jpeg
512,508,fGfbbM_ENCORE         ,109,Orchid ,6 ,4.5 ,Average(90 days),fGfbbM_ENCORE         .jpeg
513,509,CzOCKW_SPOILED ROTTEN     ,124,Formal Decorative,2 ,3.5 ,Late ( 120 days),CzOCKW_SPOILED ROTTEN     .jpeg
514,510,YrQjKO_BRANDON MICHAEL      ,35,Decorative,5 ,2 ,Early (75 days),YrQjKO_BRANDON MICHAEL      .jpeg
515,511,tEWxjO_  MIKAYLA MIRANDA        ,15,Lacinted,7 ,5 ,Average(90 days),tEWxjO_  MIKAYLA MIRANDA        .jpeg
516,512,GjjxWr_       ENCHANTRESS         ,104,Collarette ,5 ,4 ,Average(90 days),GjjxWr_       ENCHANTRESS         .jpeg
517,513,xWvYCC_ BRIDEZILLA   ,111,Waterlily ,5 ,4 ,Average(90 days),xWvYCC_ BRIDEZILLA   .jpeg
518,514,GvCvlv_      DIVA     ,65,Collarette ,6 ,4 ,Late ( 120 days),GvCvlv_      DIVA     .jpeg
519,515,pdnEda_      DUET               ,90,Collarette ,5 ,4.5 ,Late ( 120 days),pdnEda_      DUET               .jpeg
520,516,IWIhbl_CROSSFIELD EBONY  ,88,Cactus,7 ,5 ,Average(90 days),IWIhbl_CROSSFIELD EBONY  .jpeg
521,517,rbnxrj_   VOODOO     ,77,Collarette ,7 ,4.5 ,Average(90 days),rbnxrj_   VOODOO     .jpeg
522,518,nnOIbz_  CRAZY LEGS ,9,Collarette ,8 ,3.5 ,Late ( 120 days),nnOIbz_  CRAZY LEGS .jpeg
523,519,jzUbYb_  FLUFFLES ,60,Semi-Cactus,7 ,4 ,Late ( 120 days),jzUbYb_  FLUFFLES .jpeg
524,520,Mftddb_santa claus,78,Waterlily ,5 ,4 ,Early (75 days),Mftddb_santa claus.jpeg
525,521,Expxtj_Katie,26,Semi-Cactus,7 ,4.5 ,Late ( 120 days),Expxtj_Katie.jpeg
526,522,tdGdfY_Verone,70,Cactus,5 ,4.5 ,Late ( 120 days),tdGdfY_Verone.jpeg
527,523,WzjdpS_Cheyenne,66,Incurved Cactus,9 ,4.5 ,Late ( 120 days),WzjdpS_Cheyenne.jpeg
528,524,flzrOf_Zucc Robert ,116,Waterlily ,3.5 ,4.5 ,Average(90 days),flzrOf_Zucc Robert .jpeg
529,525,OljrEl_Urchin ,77,Collarette ,7 ,5 ,Late ( 120 days),OljrEl_Urchin .jpeg
530,526,hKOUlG_Dreamcatcher ,122,Collarette ,7 ,4 ,Late ( 120 days),hKOUlG_Dreamcatcher .jpeg
531,527,nxQUtr_Beep Beep ,1,Collarette ,4 ,5 ,Late ( 120 days),nxQUtr_Beep Beep .jpeg
532,528,QhShEt_Jennifer's Wedding ,82,Cactus,7 ,5 ,Average(90 days),QhShEt_Jennifer's Wedding .jpeg
533,529,pfYphG_A-Peeling ,125,Semi-Cactus,4 ,4 ,Late ( 120 days),pfYphG_A-Peeling .jpeg
534,530,QpQWOb_Duet ,75,Incurved Cactus,6 ,4.5 ,Late ( 120 days),QpQWOb_Duet .jpeg
535,531,tdYbYS_Einstein ,44,Semi-Cactus,4 ,4 ,Late ( 120 days),tdYbYS_Einstein .jpeg
536,532,IMnbxh_Tutti Frutti ,93,Orchid ,6 ,4.5 ,Early (75 days),IMnbxh_Tutti Frutti .jpeg
537,533,UhhtWK_Ryan C ,29,Ball,5 ,2.5 ,Early (75 days),UhhtWK_Ryan C .jpeg
538,534,bYrzdz_Teddy ,15,Pom Pon ,4 ,4 ,Late ( 120 days),bYrzdz_Teddy .jpeg
539,535,IQjnCr_Spartacus ,107,Formal Decorative,2 ,3 ,Average(90 days),IQjnCr_Spartacus .jpeg
540,536,UOUUhd_Wildcat ,90,Informal Decorative ,11 ,5 ,Late ( 120 days),UOUUhd_Wildcat .jpeg
541,537,IWdpxd_Cabana Banana ,89,Ball,6 ,4 ,Late ( 120 days),IWdpxd_Cabana Banana .jpeg
542,538,YUKQEd_Citron Du Cap ,96,Orchid ,12 ,4 ,Average(90 days),YUKQEd_Citron Du Cap .jpeg
543,539,dYIjnl_Clearview Daniel ,42,Cactus,5 ,2.5 ,Early (75 days),dYIjnl_Clearview Daniel .jpeg
544,540,fCdbKh_Pinelands Pam ,101,Pom Pon ,6 ,4 ,Late ( 120 days),fCdbKh_Pinelands Pam .jpeg
545,541,pWYbxC_Willie Willie ,55,Pom Pon ,6 ,4.5 ,Average(90 days),pWYbxC_Willie Willie .jpeg
546,542,rntYaW_Bold Accent ,105,Lacinted,2 ,3.5 ,Late ( 120 days),rntYaW_Bold Accent .jpeg
547,543,WWOYbI_Wheels ,66,Lacinted,5 ,2 ,Early (75 days),WWOYbI_Wheels .jpeg
548,544,xrWlnb_Innocense ,13,Collarette ,7 ,5 ,Average(90 days),xrWlnb_Innocense .jpeg
549,545,rUbGYa_Half Pint ,127,Decorative,5 ,4 ,Average(90 days),rUbGYa_Half Pint .jpeg
550,546,fQzjIY_Hulin's Carnival ,84,Cactus,5 ,4 ,Average(90 days),fQzjIY_Hulin's Carnival .jpeg
551,547,CMpvCG_Mary Munns ,97,Collarette ,6 ,4 ,Late ( 120 days),CMpvCG_Mary Munns .jpeg
552,548,IIMGKa_Bodacious ,128,Collarette ,5 ,4.5 ,Late ( 120 days),IIMGKa_Bodacious .jpeg
553,549,xSQfWb_Lady Liberty ,109,Pom Pon ,7 ,5 ,Average(90 days),xSQfWb_Lady Liberty .jpeg
554,550,fOnvlQ_Maniac ,63,Ball,7 ,4.5 ,Average(90 days),fOnvlQ_Maniac .jpeg
555,551,CSjEfK_Matilda Huston ,16,Lacinted,8 ,3.5 ,Late ( 120 days),CSjEfK_Matilda Huston .jpeg
556,552,rnnfIv_Juanita ,117,Decorative,7 ,4 ,Late ( 120 days),rnnfIv_Juanita .jpeg
557,553,EaOUfO_Steven David ,56,Orchid ,5 ,4 ,Early (75 days),EaOUfO_Steven David .jpeg
558,554,vEfaKv_Kasasagi ,28,Orchid ,7 ,4.5 ,Late ( 120 days),vEfaKv_Kasasagi .jpeg
559,555,KEhGId_Tahiti Sunrise ,61,Cactus,5 ,4.5 ,Late ( 120 days),KEhGId_Tahiti Sunrise .jpeg
560,556,aESMMO_Spoiled Rotten ,65,Collarette ,9 ,4.5 ,Late ( 120 days),aESMMO_Spoiled Rotten .jpeg
561,557,vtrElW_Spiderwomen ,90,Formal Decorative,3.5 ,4.5 ,Average(90 days),vtrElW_Spiderwomen .jpeg
562,558,OMrtaE_ CLEARVIEW JONAS ,54,Waterlily ,7 ,5 ,Late ( 120 days),OMrtaE_ CLEARVIEW JONAS .jpeg
563,559,ICGdQh_ DANCIN' QUEEN  ,45,Semi-Cactus,7 ,4 ,Late ( 120 days),ICGdQh_ DANCIN' QUEEN  .jpeg
564,560,rUWbxC_ENCORE         ,62,Cactus,4 ,5 ,Late ( 120 days),rUWbxC_ENCORE         .jpeg
565,561,QOzMUS_SPOILED ROTTEN     ,48,Ball,7 ,5 ,Average(90 days),QOzMUS_SPOILED ROTTEN     .jpeg
566,562,fYQIGa_BRANDON MICHAEL      ,15,Collarette ,4 ,4 ,Late ( 120 days),fYQIGa_BRANDON MICHAEL      .jpeg
567,563,CdKKEC_  MIKAYLA MIRANDA        ,122,Decorative,6 ,4.5 ,Late ( 120 days),CdKKEC_  MIKAYLA MIRANDA        .jpeg
568,564,SGvjnK_       ENCHANTRESS         ,69,Cactus,4 ,4 ,Late ( 120 days),SGvjnK_       ENCHANTRESS         .jpeg
569,565,GvlxGM_ BRIDEZILLA   ,19,Incurved Cactus,6 ,4.5 ,Early (75 days),GvlxGM_ BRIDEZILLA   .jpeg
570,566,afIEtU_      DIVA     ,117,Cactus,5 ,2.5 ,Early (75 days),afIEtU_      DIVA     .jpeg
571,567,rItzGa_      DUET               ,102,Waterlily ,4 ,4 ,Late ( 120 days),rItzGa_      DUET               .jpeg
572,568,EQjGGC_CROSSFIELD EBONY  ,6,Orchid ,2 ,3 ,Average(90 days),EQjGGC_CROSSFIELD EBONY  .jpeg
573,569,IOnzvt_   VOODOO     ,6,Informal Decorative ,11 ,5 ,Late ( 120 days),IOnzvt_   VOODOO     .jpeg
574,570,MClhfl_  CRAZY LEGS ,41,Semi-Cactus,6 ,4 ,Late ( 120 days),MClhfl_  CRAZY LEGS .jpeg
575,571,YhGlKW_  FLUFFLES ,28,Semi-Cactus,12 ,4 ,Average(90 days),YhGlKW_  FLUFFLES .jpeg
576,572,KdltrK_santa claus,23,Semi-Cactus,5 ,2.5 ,Early (75 days),KdltrK_santa claus.jpeg
577,573,dfEQfb_Katie,82,Collarette ,6 ,4 ,Late ( 120 days),dfEQfb_Katie.jpeg
578,574,YaGvjO_Verone,59,Incurved Cactus,6 ,4.5 ,Average(90 days),YaGvjO_Verone.jpeg
579,575,MGaxOQ_Cheyenne,56,Lacinted,2 ,3.5 ,Late ( 120 days),MGaxOQ_Cheyenne.jpeg
580,576,hdjQCO_Zucc Robert ,44,Orchid ,5 ,2 ,Early (75 days),hdjQCO_Zucc Robert .jpeg
581,577,OnYQYb_Poppers ,27,Informal Decorative ,7 ,5 ,Average(90 days),OnYQYb_Poppers .jpeg
582,578,OIjpIU_Urchin ,34,Collarette ,5 ,4 ,Average(90 days),OIjpIU_Urchin .jpeg
583,579,nOUtGj_Dreamcatcher ,67,Waterlily ,5 ,4 ,Average(90 days),nOUtGj_Dreamcatcher .jpeg
584,580,CGvKWI_Beep Beep ,91,Formal Decorative,6 ,4 ,Late ( 120 days),CGvKWI_Beep Beep .jpeg
585,581,WxWajp_Jennifer's Wedding ,87,Orchid ,5 ,4.5 ,Late ( 120 days),WxWajp_Jennifer's Wedding .jpeg
586,582,IUbfEI_A-Peeling ,79,Semi-Cactus,7 ,5 ,Average(90 days),IUbfEI_A-Peeling .jpeg
587,583,lSlSrf_Duet ,46,Pom Pon ,7 ,4.5 ,Average(90 days),lSlSrf_Duet .jpeg
588,584,fQpKtC_Einstein ,10,Lacinted,8 ,3.5 ,Late ( 120 days),fQpKtC_Einstein .jpeg
589,585,vWGWWG_Tutti Frutti ,81,Collarette ,7 ,4 ,Late ( 120 days),vWGWWG_Tutti Frutti .jpeg
590,586,abxxMf_Ryan C ,80,Pom Pon ,5 ,4 ,Early (75 days),abxxMf_Ryan C .jpeg
591,587,fOtISf_Teddy ,106,Cactus,7 ,4.5 ,Late ( 120 days),fOtISf_Teddy .jpeg
592,588,vaOvOS_Spartacus ,20,Formal Decorative,5 ,4.5 ,Late ( 120 days),vaOvOS_Spartacus .jpeg
593,589,tUGCxl_Wildcat ,88,Collarette ,9 ,4.5 ,Late ( 120 days),tUGCxl_Wildcat .jpeg
594,590,hbUMGf_Cabana Banana ,63,Orchid ,3.5 ,4.5 ,Average(90 days),hbUMGf_Cabana Banana .jpeg
595,591,CKIfbI_Citron Du Cap ,66,Informal Decorative ,7 ,5 ,Late ( 120 days),CKIfbI_Citron Du Cap .jpeg
596,592,CvWpjt_Clearview Daniel ,69,Orchid ,7 ,4 ,Late ( 120 days),CvWpjt_Clearview Daniel .jpeg
597,593,lzdndC_Pinelands Pam ,51,Collarette ,4 ,5 ,Late ( 120 days),lzdndC_Pinelands Pam .jpeg
598,594,MrxCfr_Willie Willie ,119,Orchid ,7 ,5 ,Average(90 days),MrxCfr_Willie Willie .jpeg
599,595,OGUvxx_Bold Accent ,17,Lacinted,4 ,4 ,Late ( 120 days),OGUvxx_Bold Accent .jpeg
600,596,nhYpYQ_Wheels ,99,Waterlily ,6 ,4.5 ,Late ( 120 days),nhYpYQ_Wheels .jpeg
601,597,xfrKrn_Innocense ,110,Semi-Cactus,4 ,4 ,Late ( 120 days),xfrKrn_Innocense .jpeg
602,598,ltSbSY_Half Pint ,39,Orchid ,6 ,4.5 ,Early (75 days),ltSbSY_Half Pint .jpeg
603,599,COOEGG_Hulin's Carnival ,86,Incurved Cactus,5 ,2.5 ,Early (75 days),COOEGG_Hulin's Carnival .jpeg
604,600,ISCptj_Mary Munns ,18,Formal Decorative,4 ,4 ,Late ( 120 days),ISCptj_Mary Munns .jpeg
605,601,WMSxUK_Bodacious ,80,Semi-Cactus,2 ,3 ,Average(90 days),WMSxUK_Bodacious .jpeg
606,602,rvOrWU_Lady Liberty ,29,Incurved Cactus,11 ,5 ,Late ( 120 days),rvOrWU_Lady Liberty .jpeg
607,603,nftztE_Maniac ,57,Ball,6 ,4 ,Late ( 120 days),nftztE_Maniac .jpeg
608,604,attzvC_Matilda Huston ,81,Collarette ,12 ,4 ,Average(90 days),attzvC_Matilda Huston .jpeg
609,605,IhQavE_Juanita ,57,Waterlily ,5 ,2.5 ,Early (75 days),IhQavE_Juanita .jpeg
610,606,lzjaEv_Steven David ,83,Decorative,6 ,4 ,Late ( 120 days),lzjaEv_Steven David .jpeg
611,607,xzlrCG_Kasasagi ,97,Decorative,6 ,4.5 ,Average(90 days),xzlrCG_Kasasagi .jpeg
612,608,xIhfdr_Tahiti Sunrise ,97,Lacinted,2 ,3.5 ,Late ( 120 days),xIhfdr_Tahiti Sunrise .jpeg
613,609,rSalYG_Spoiled Rotten ,39,Decorative,5 ,2 ,Early (75 days),rSalYG_Spoiled Rotten .jpeg
614,610,WxUvrt_Spiderwomen ,76,Semi-Cactus,7 ,5 ,Average(90 days),WxUvrt_Spiderwomen .jpeg
615,611,bCOUWj_ CLEARVIEW JONAS ,39,Ball,5 ,4 ,Average(90 days),bCOUWj_ CLEARVIEW JONAS .jpeg
616,612,KzQxfa_ DANCIN' QUEEN  ,83,Cactus,5 ,4 ,Average(90 days),KzQxfa_ DANCIN' QUEEN  .jpeg
617,613,aOSjnG_ENCORE         ,55,Ball,6 ,4 ,Late ( 120 days),aOSjnG_ENCORE         .jpeg
618,614,bWGzrt_SPOILED ROTTEN     ,46,Lacinted,5 ,4.5 ,Late ( 120 days),bWGzrt_SPOILED ROTTEN     .jpeg
619,615,pWbhxd_BRANDON MICHAEL      ,89,Informal Decorative ,7 ,5 ,Average(90 days),pWbhxd_BRANDON MICHAEL      .jpeg
620,616,YznOhn_  MIKAYLA MIRANDA        ,12,Waterlily ,7 ,4.5 ,Average(90 days),YznOhn_  MIKAYLA MIRANDA        .jpeg
621,617,CrxYOb_       ENCHANTRESS         ,65,Decorative,8 ,3.5 ,Late ( 120 days),CrxYOb_       ENCHANTRESS         .jpeg
622,618,OSYdfG_ BRIDEZILLA   ,28,Cactus,7 ,4 ,Late ( 120 days),OSYdfG_ BRIDEZILLA   .jpeg
623,619,EGIOan_      DIVA     ,52,Waterlily ,5 ,4 ,Early (75 days),EGIOan_      DIVA     .jpeg
624,620,hQMjnI_      DUET               ,51,Lacinted,7 ,4.5 ,Late ( 120 days),hQMjnI_      DUET               .jpeg
625,621,hGOaGS_CROSSFIELD EBONY  ,124,Formal Decorative,5 ,4.5 ,Late ( 120 days),hGOaGS_CROSSFIELD EBONY  .jpeg
626,622,UvWhbv_   VOODOO     ,95,Collarette ,9 ,4.5 ,Late ( 120 days),UvWhbv_   VOODOO     .jpeg
627,623,jfOlfS_  CRAZY LEGS ,43,Decorative,3.5 ,4.5 ,Average(90 days),jfOlfS_  CRAZY LEGS .jpeg
628,624,OIClzM_  FLUFFLES ,55,Semi-Cactus,7 ,5 ,Late ( 120 days),OIClzM_  FLUFFLES .jpeg
629,625,UWpCMv_santa claus,118,Lacinted,7 ,4 ,Late ( 120 days),UWpCMv_santa claus.jpeg
630,626,rzhfWj_Katie,110,Lacinted,4 ,5 ,Late ( 120 days),rzhfWj_Katie.jpeg
631,627,jrxzCO_Verone,17,Collarette ,7 ,5 ,Average(90 days),jrxzCO_Verone.jpeg
632,628,UdEhxG_Cheyenne,34,Decorative,4 ,4 ,Late ( 120 days),UdEhxG_Cheyenne.jpeg
633,629,SOrCrz_Zucc Robert ,34,Waterlily ,6 ,4.5 ,Late ( 120 days),SOrCrz_Zucc Robert .jpeg
634,630,hjjtrE_Poppers ,59,Ball,4 ,4 ,Late ( 120 days),hjjtrE_Poppers .jpeg
635,631,StbUKn_Urchin ,40,Informal Decorative ,6 ,4.5 ,Early (75 days),StbUKn_Urchin .jpeg
636,632,xnIUaI_Dreamcatcher ,109,Collarette ,5 ,2.5 ,Early (75 days),xnIUaI_Dreamcatcher .jpeg
637,633,xCIYpt_Beep Beep ,106,Orchid ,4 ,4 ,Late ( 120 days),xCIYpt_Beep Beep .jpeg
638,634,UCEdSU_Jennifer's Wedding ,34,Waterlily ,2 ,3 ,Average(90 days),UCEdSU_Jennifer's Wedding .jpeg
639,635,rlWdUI_A-Peeling ,102,Orchid ,11 ,5 ,Late ( 120 days),rlWdUI_A-Peeling .jpeg
640,636,bSvhUr_Duet ,80,Decorative,6 ,4 ,Late ( 120 days),bSvhUr_Duet .jpeg
641,637,GWIpGv_Einstein ,112,Ball,12 ,4 ,Average(90 days),GWIpGv_Einstein .jpeg
642,638,Iatnzn_Tutti Frutti ,71,Waterlily ,5 ,2.5 ,Early (75 days),Iatnzn_Tutti Frutti .jpeg
643,639,SbtYEa_Ryan C ,54,Orchid ,6 ,4 ,Late ( 120 days),SbtYEa_Ryan C .jpeg
644,640,Qtjrpt_Teddy ,74,Lacinted,6 ,4.5 ,Average(90 days),Qtjrpt_Teddy .jpeg
645,641,MOpKfO_Spartacus ,87,Collarette ,2 ,3.5 ,Late ( 120 days),MOpKfO_Spartacus .jpeg
646,642,MjSGvC_Wildcat ,54,Incurved Cactus,5 ,2 ,Early (75 days),MjSGvC_Wildcat .jpeg
647,643,UQbQdY_Cabana Banana ,57,Orchid ,7 ,5 ,Average(90 days),UQbQdY_Cabana Banana .jpeg
648,644,fMpfCl_Citron Du Cap ,60,Collarette ,5 ,4 ,Average(90 days),fMpfCl_Citron Du Cap .jpeg
649,645,UMndCr_Clearview Daniel ,126,Pom Pon ,5 ,4 ,Average(90 days),UMndCr_Clearview Daniel .jpeg
650,646,hStOOQ_Pinelands Pam ,114,Lacinted,6 ,4 ,Late ( 120 days),hStOOQ_Pinelands Pam .jpeg
651,647,lYbfdS_Willie Willie ,55,Incurved Cactus,5 ,4.5 ,Late ( 120 days),lYbfdS_Willie Willie .jpeg
652,648,aCjEjn_Bold Accent ,79,Semi-Cactus,7 ,5 ,Average(90 days),aCjEjn_Bold Accent .jpeg
653,649,jfOlpO_Wheels ,24,Lacinted,7 ,4.5 ,Average(90 days),jfOlpO_Wheels .jpeg
654,650,CnpahK_Innocense ,6,Collarette ,8 ,3.5 ,Late ( 120 days),CnpahK_Innocense .jpeg
655,651,bSKWUx_Half Pint ,9,Ball,7 ,4 ,Late ( 120 days),bSKWUx_Half Pint .jpeg
656,652,fEnKEU_Hulin's Carnival ,8,Collarette ,5 ,4 ,Early (75 days),fEnKEU_Hulin's Carnival .jpeg
657,653,WnIInd_Mary Munns ,125,Incurved Cactus,7 ,4.5 ,Late ( 120 days),WnIInd_Mary Munns .jpeg
658,654,YaxjQU_Bodacious ,11,Waterlily ,5 ,4.5 ,Late ( 120 days),YaxjQU_Bodacious .jpeg
659,655,Cnhjbd_Lady Liberty ,95,Decorative,9 ,4.5 ,Late ( 120 days),Cnhjbd_Lady Liberty .jpeg
660,656,YaCWvS_Maniac ,20,Orchid ,3.5 ,4.5 ,Average(90 days),YaCWvS_Maniac .jpeg
661,657,CQOrQY_Matilda Huston ,114,Waterlily ,7 ,5 ,Late ( 120 days),CQOrQY_Matilda Huston .jpeg
662,658,nUQWQz_Juanita ,121,Collarette ,7 ,4 ,Late ( 120 days),nUQWQz_Juanita .jpeg
663,659,vbObMn_Steven David ,23,Pom Pon ,4 ,5 ,Late ( 120 days),vbObMn_Steven David .jpeg
664,660,apvGGY_Kasasagi ,76,Cactus,7 ,5 ,Average(90 days),apvGGY_Kasasagi .jpeg
665,661,zhzIGr_Tahiti Sunrise ,45,Waterlily ,4 ,4 ,Late ( 120 days),zhzIGr_Tahiti Sunrise .jpeg
666,662,UnCMME_Spoiled Rotten ,17,Collarette ,6 ,4.5 ,Late ( 120 days),UnCMME_Spoiled Rotten .jpeg
667,663,Yrxvjn_Spiderwomen ,96,Pom Pon ,4 ,4 ,Late ( 120 days),Yrxvjn_Spiderwomen .jpeg
668,664,EdGdxx_ CLEARVIEW JONAS ,48,Informal Decorative ,6 ,4.5 ,Early (75 days),EdGdxx_ CLEARVIEW JONAS .jpeg
669,665,zffOEY_ DANCIN' QUEEN  ,14,Decorative,5 ,2.5 ,Early (75 days),zffOEY_ DANCIN' QUEEN  .jpeg
670,666,YUdzfW_ENCORE         ,83,Informal Decorative ,4 ,4 ,Late ( 120 days),YUdzfW_ENCORE         .jpeg
671,667,jjrlEQ_SPOILED ROTTEN     ,91,Cactus,2 ,3 ,Average(90 days),jjrlEQ_SPOILED ROTTEN     .jpeg
672,668,EtrrfU_BRANDON MICHAEL      ,3,Collarette ,11 ,5 ,Late ( 120 days),EtrrfU_BRANDON MICHAEL      .jpeg
673,669,zQaQat_  MIKAYLA MIRANDA        ,124,Collarette ,6 ,4 ,Late ( 120 days),zQaQat_  MIKAYLA MIRANDA        .jpeg
674,670,pxtOrC_       ENCHANTRESS         ,68,Waterlily ,12 ,4 ,Average(90 days),pxtOrC_       ENCHANTRESS         .jpeg
675,671,UOzzfS_ BRIDEZILLA   ,23,Waterlily ,5 ,2.5 ,Early (75 days),UOzzfS_ BRIDEZILLA   .jpeg
676,672,WYSEMS_      DIVA     ,120,Formal Decorative,6 ,4 ,Late ( 120 days),WYSEMS_      DIVA     .jpeg
677,673,Kjfnhp_      DUET               ,14,Cactus,6 ,4.5 ,Average(90 days),Kjfnhp_      DUET               .jpeg
678,674,SbatYl_CROSSFIELD EBONY  ,108,Cactus,2 ,3.5 ,Late ( 120 days),SbatYl_CROSSFIELD EBONY  .jpeg
679,675,MWCIWU_   VOODOO     ,22,Informal Decorative ,5 ,2 ,Early (75 days),MWCIWU_   VOODOO     .jpeg
680,676,zfIfhn_  CRAZY LEGS ,99,Incurved Cactus,7 ,5 ,Average(90 days),zfIfhn_  CRAZY LEGS .jpeg
681,677,tzMnbd_  FLUFFLES ,43,Waterlily ,5 ,4 ,Average(90 days),tzMnbd_  FLUFFLES .jpeg
682,678,ztOQxd_santa claus,8,Collarette ,5 ,4 ,Average(90 days),ztOQxd_santa claus.jpeg
683,679,vrbKnr_Katie,126,Incurved Cactus,6 ,4 ,Late ( 120 days),vrbKnr_Katie.jpeg
684,680,pUWhYx_Verone,57,Semi-Cactus,5 ,4.5 ,Late ( 120 days),pUWhYx_Verone.jpeg
685,681,nhvUbU_Cheyenne,60,Orchid ,7 ,5 ,Average(90 days),nhvUbU_Cheyenne.jpeg
686,682,ICQvGO_Zucc Robert ,4,Orchid ,7 ,4.5 ,Average(90 days),ICQvGO_Zucc Robert .jpeg
687,683,ChtzIf_Urchin ,22,Semi-Cactus,8 ,3.5 ,Late ( 120 days),ChtzIf_Urchin .jpeg
688,684,MGxKOd_Dreamcatcher ,68,Waterlily ,7 ,4 ,Late ( 120 days),MGxKOd_Dreamcatcher .jpeg
689,685,GpjCfl_Beep Beep ,61,Semi-Cactus,5 ,4 ,Early (75 days),GpjCfl_Beep Beep .jpeg
690,686,vrxxbO_Jennifer's Wedding ,45,Ball,7 ,4.5 ,Late ( 120 days),vrxxbO_Jennifer's Wedding .jpeg
691,687,EMUYlh_A-Peeling ,81,Waterlily ,5 ,4.5 ,Late ( 120 days),EMUYlh_A-Peeling .jpeg
692,688,bGhCCr_Duet ,74,Waterlily ,9 ,4.5 ,Late ( 120 days),bGhCCr_Duet .jpeg
693,689,IfOWYW_Einstein ,22,Incurved Cactus,3.5 ,4.5 ,Average(90 days),IfOWYW_Einstein .jpeg
694,690,SnlChb_Tutti Frutti ,26,Waterlily ,7 ,5 ,Late ( 120 days),SnlChb_Tutti Frutti .jpeg
695,691,OOWMja_Ryan C ,25,Waterlily ,7 ,4 ,Late ( 120 days),OOWMja_Ryan C .jpeg
696,692,bhQKYC_Teddy ,98,Ball,4 ,5 ,Late ( 120 days),bhQKYC_Teddy .jpeg
697,693,bhMYCh_Spartacus ,115,Waterlily ,7 ,5 ,Average(90 days),bhMYCh_Spartacus .jpeg
698,694,SEpCzn_Wildcat ,68,Incurved Cactus,4 ,4 ,Late ( 120 days),SEpCzn_Wildcat .jpeg
699,695,SajvCt_Cabana Banana ,20,Pom Pon ,6 ,4.5 ,Late ( 120 days),SajvCt_Cabana Banana .jpeg
700,696,vbQOUb_Citron Du Cap ,36,Informal Decorative ,4 ,4 ,Late ( 120 days),vbQOUb_Citron Du Cap .jpeg
701,697,zWplzx_Clearview Daniel ,12,Cactus,6 ,4.5 ,Early (75 days),zWplzx_Clearview Daniel .jpeg
702,698,aarGSQ_Pinelands Pam ,37,Lacinted,5 ,2.5 ,Early (75 days),aarGSQ_Pinelands Pam .jpeg
703,699,zvlprO_Willie Willie ,119,Cactus,4 ,4 ,Late ( 120 days),zvlprO_Willie Willie .jpeg
704,700,lzOOvQ_Bold Accent ,98,Lacinted,2 ,3 ,Average(90 days),lzOOvQ_Bold Accent .jpeg
705,701,MxKSbr_Wheels ,17,Informal Decorative ,11 ,5 ,Late ( 120 days),MxKSbr_Wheels .jpeg
706,702,IGzprI_Innocense ,109,Formal Decorative,6 ,4 ,Late ( 120 days),IGzprI_Innocense .jpeg
707,703,fCnSzr_Half Pint ,119,Orchid ,12 ,4 ,Average(90 days),fCnSzr_Half Pint .jpeg
708,704,arKdlb_Hulin's Carnival ,128,Waterlily ,5 ,2.5 ,Early (75 days),arKdlb_Hulin's Carnival .jpeg
709,705,OCfYtz_Mary Munns ,45,Orchid ,6 ,4 ,Late ( 120 days),OCfYtz_Mary Munns .jpeg
710,706,jYzahM_Bodacious ,19,Semi-Cactus,6 ,4.5 ,Average(90 days),jYzahM_Bodacious .jpeg
711,707,dzhtMK_Lady Liberty ,103,Informal Decorative ,2 ,3.5 ,Late ( 120 days),dzhtMK_Lady Liberty .jpeg
712,708,SQOMGx_Maniac ,9,Pom Pon ,5 ,2 ,Early (75 days),SQOMGx_Maniac .jpeg
713,709,QxKdrd_Matilda Huston ,49,Formal Decorative,7 ,5 ,Average(90 days),QxKdrd_Matilda Huston .jpeg
714,710,MOEnlY_Juanita ,57,Orchid ,5 ,4 ,Average(90 days),MOEnlY_Juanita .jpeg
715,711,MCEWWn_Steven David ,42,Ball,5 ,4 ,Average(90 days),MCEWWn_Steven David .jpeg
716,712,dzhIIW_Kasasagi ,40,Collarette ,6 ,4 ,Late ( 120 days),dzhIIW_Kasasagi .jpeg
717,713,xEpjQI_Tahiti Sunrise ,55,Incurved Cactus,5 ,4.5 ,Late ( 120 days),xEpjQI_Tahiti Sunrise .jpeg
718,714,MWtaCd_Spoiled Rotten ,52,Informal Decorative ,7 ,5 ,Average(90 days),MWtaCd_Spoiled Rotten .jpeg
719,715,ISQShx_Spiderwomen ,19,Lacinted,7 ,4.5 ,Average(90 days),ISQShx_Spiderwomen .jpeg
720,716,jjabKW_ CLEARVIEW JONAS ,101,Incurved Cactus,8 ,3.5 ,Late ( 120 days),jjabKW_ CLEARVIEW JONAS .jpeg
721,717,hftEnW_ DANCIN' QUEEN  ,95,Decorative,7 ,4 ,Late ( 120 days),hftEnW_ DANCIN' QUEEN  .jpeg
722,718,aahICU_ENCORE         ,71,Decorative,5 ,4 ,Early (75 days),aahICU_ENCORE         .jpeg
723,719,zWUSEI_SPOILED ROTTEN     ,75,Cactus,7 ,4.5 ,Late ( 120 days),zWUSEI_SPOILED ROTTEN     .jpeg
724,720,aMxIlz_BRANDON MICHAEL      ,67,Collarette ,5 ,4.5 ,Late ( 120 days),aMxIlz_BRANDON MICHAEL      .jpeg
725,721,YnvSGS_  MIKAYLA MIRANDA        ,105,Collarette ,9 ,4.5 ,Late ( 120 days),YnvSGS_  MIKAYLA MIRANDA        .jpeg
726,722,MtfCQQ_       ENCHANTRESS         ,72,Formal Decorative,3.5 ,4.5 ,Average(90 days),MtfCQQ_       ENCHANTRESS         .jpeg
727,723,CxxWMp_ BRIDEZILLA   ,65,Orchid ,7 ,5 ,Late ( 120 days),CxxWMp_ BRIDEZILLA   .jpeg
728,724,lYOddK_      DIVA     ,124,Decorative,7 ,4 ,Late ( 120 days),lYOddK_      DIVA     .jpeg
729,725,tpEOEM_      DUET               ,18,Collarette ,4 ,5 ,Late ( 120 days),tpEOEM_      DUET               .jpeg
730,726,xlaMjU_CROSSFIELD EBONY  ,83,Informal Decorative ,7 ,5 ,Average(90 days),xlaMjU_CROSSFIELD EBONY  .jpeg
731,727,lGbOrt_   VOODOO     ,52,Ball,4 ,4 ,Late ( 120 days),lGbOrt_   VOODOO     .jpeg
732,728,IzzCMp_  CRAZY LEGS ,28,Collarette ,6 ,4.5 ,Late ( 120 days),IzzCMp_  CRAZY LEGS .jpeg
733,729,apYhnI_  FLUFFLES ,69,Informal Decorative ,4 ,4 ,Late ( 120 days),apYhnI_  FLUFFLES .jpeg
734,730,zMQKYt_santa claus,109,Collarette ,6 ,4.5 ,Early (75 days),zMQKYt_santa claus.jpeg
735,731,flMGWI_Katie,21,Incurved Cactus,5 ,2.5 ,Early (75 days),flMGWI_Katie.jpeg
736,732,SUKzKd_Verone,63,Formal Decorative,4 ,4 ,Late ( 120 days),SUKzKd_Verone.jpeg
737,733,thjxUS_Cheyenne,98,Decorative,2 ,3 ,Average(90 days),thjxUS_Cheyenne.jpeg
738,734,EjWYfb_Zucc Robert ,79,Incurved Cactus,11 ,5 ,Late ( 120 days),EjWYfb_Zucc Robert .jpeg
739,735,zrCKGf_Poppers ,85,Pom Pon ,6 ,4 ,Late ( 120 days),zrCKGf_Poppers .jpeg
740,736,vOxpSK_Urchin ,42,Ball,12 ,4 ,Average(90 days),vOxpSK_Urchin .jpeg
741,737,EbxnOQ_Dreamcatcher ,90,Lacinted,5 ,2.5 ,Early (75 days),EbxnOQ_Dreamcatcher .jpeg
742,738,tKOzOr_Beep Beep ,21,Formal Decorative,6 ,4 ,Late ( 120 days),tKOzOr_Beep Beep .jpeg
743,739,CQbffp_Jennifer's Wedding ,60,Semi-Cactus,6 ,4.5 ,Average(90 days),CQbffp_Jennifer's Wedding .jpeg
744,740,dGvGEl_A-Peeling ,82,Semi-Cactus,2 ,3.5 ,Late ( 120 days),dGvGEl_A-Peeling .jpeg
745,741,zSaxnS_Duet ,41,Informal Decorative ,5 ,2 ,Early (75 days),zSaxnS_Duet .jpeg
746,742,xhnrjl_Einstein ,74,Ball,7 ,5 ,Average(90 days),xhnrjl_Einstein .jpeg
747,743,hpWKMK_Tutti Frutti ,44,Incurved Cactus,5 ,4 ,Average(90 days),hpWKMK_Tutti Frutti .jpeg
748,744,QahKUv_Ryan C ,2,Orchid ,5 ,4 ,Average(90 days),QahKUv_Ryan C .jpeg
749,745,IQCEaM_Teddy ,112,Semi-Cactus,6 ,4 ,Late ( 120 days),IQCEaM_Teddy .jpeg
750,746,WKafpx_Spartacus ,88,Cactus,5 ,4.5 ,Late ( 120 days),WKafpx_Spartacus .jpeg
751,747,WWSYzj_Wildcat ,122,Lacinted,7 ,5 ,Average(90 days),WWSYzj_Wildcat .jpeg
752,748,rbnMlE_Cabana Banana ,116,Incurved Cactus,7 ,4.5 ,Average(90 days),rbnMlE_Cabana Banana .jpeg
753,749,MWKMKS_Citron Du Cap ,63,Waterlily ,8 ,3.5 ,Late ( 120 days),MWKMKS_Citron Du Cap .jpeg
754,750,UOCMab_Clearview Daniel ,49,Semi-Cactus,7 ,4 ,Late ( 120 days),UOCMab_Clearview Daniel .jpeg
755,751,OGaGpK_Pinelands Pam ,69,Collarette ,5 ,4 ,Early (75 days),OGaGpK_Pinelands Pam .jpeg
756,752,frQfEb_Willie Willie ,67,Lacinted,7 ,4.5 ,Late ( 120 days),frQfEb_Willie Willie .jpeg
757,753,UIEzxW_Bold Accent ,75,Pom Pon ,5 ,4.5 ,Late ( 120 days),UIEzxW_Bold Accent .jpeg
758,754,xSbzhj_Wheels ,123,Pom Pon ,9 ,4.5 ,Late ( 120 days),xSbzhj_Wheels .jpeg
759,755,SatblK_Innocense ,64,Waterlily ,3.5 ,4.5 ,Average(90 days),SatblK_Innocense .jpeg
760,756,CnxhnG_Half Pint ,100,Waterlily ,7 ,5 ,Late ( 120 days),CnxhnG_Half Pint .jpeg
761,757,EEYQtK_Hulin's Carnival ,117,Decorative,7 ,4 ,Late ( 120 days),EEYQtK_Hulin's Carnival .jpeg
762,758,GKbEIW_Mary Munns ,32,Lacinted,4 ,5 ,Late ( 120 days),GKbEIW_Mary Munns .jpeg
763,759,WtrphC_Bodacious ,106,Collarette ,7 ,5 ,Average(90 days),WtrphC_Bodacious .jpeg
764,760,GGbvnM_Lady Liberty ,68,Cactus,4 ,4 ,Late ( 120 days),GGbvnM_Lady Liberty .jpeg
765,761,UCWMzl_Maniac ,24,Lacinted,6 ,4.5 ,Late ( 120 days),UCWMzl_Maniac .jpeg
766,762,QnxbCh_Matilda Huston ,80,Informal Decorative ,4 ,4 ,Late ( 120 days),QnxbCh_Matilda Huston .jpeg
767,763,zGanfj_Juanita ,117,Incurved Cactus,6 ,4.5 ,Early (75 days),zGanfj_Juanita .jpeg
768,764,EIOYCQ_Steven David ,86,Informal Decorative ,5 ,2.5 ,Early (75 days),EIOYCQ_Steven David .jpeg
769,765,paMEpG_Kasasagi ,92,Orchid ,4 ,4 ,Late ( 120 days),paMEpG_Kasasagi .jpeg
770,766,EvhnEr_Tahiti Sunrise ,86,Collarette ,2 ,3 ,Average(90 days),EvhnEr_Tahiti Sunrise .jpeg
771,767,vEWECG_Spoiled Rotten ,86,Incurved Cactus,11 ,5 ,Late ( 120 days),vEWECG_Spoiled Rotten .jpeg
772,768,QIaCYz_Spiderwomen ,115,Decorative,6 ,4 ,Late ( 120 days),QIaCYz_Spiderwomen .jpeg
773,769,thtlbj_ CLEARVIEW JONAS ,11,Lacinted,12 ,4 ,Average(90 days),thtlbj_ CLEARVIEW JONAS .jpeg
774,770,YfIUrn_ DANCIN' QUEEN  ,119,Incurved Cactus,5 ,2.5 ,Early (75 days),YfIUrn_ DANCIN' QUEEN  .jpeg
775,771,bvfhGW_ENCORE         ,128,Incurved Cactus,6 ,4 ,Late ( 120 days),bvfhGW_ENCORE         .jpeg
776,772,SMUEfM_SPOILED ROTTEN     ,88,Formal Decorative,6 ,4.5 ,Average(90 days),SMUEfM_SPOILED ROTTEN     .jpeg
777,773,bKKlWd_BRANDON MICHAEL      ,34,Lacinted,2 ,3.5 ,Late ( 120 days),bKKlWd_BRANDON MICHAEL      .jpeg
778,774,bhMtWb_  MIKAYLA MIRANDA        ,34,Lacinted,5 ,2 ,Early (75 days),bhMtWb_  MIKAYLA MIRANDA        .jpeg
779,775,QWfMWv_       ENCHANTRESS         ,116,Decorative,7 ,5 ,Average(90 days),QWfMWv_       ENCHANTRESS         .jpeg
780,776,OaCxjd_ BRIDEZILLA   ,83,Collarette ,5 ,4 ,Average(90 days),OaCxjd_ BRIDEZILLA   .jpeg
781,777,QpdllI_      DIVA     ,48,Pom Pon ,5 ,4 ,Average(90 days),QpdllI_      DIVA     .jpeg
782,778,OSrbQY_      DUET               ,61,Ball,6 ,4 ,Late ( 120 days),OSrbQY_      DUET               .jpeg
783,779,UGGSxM_CROSSFIELD EBONY  ,20,Collarette ,5 ,4.5 ,Late ( 120 days),UGGSxM_CROSSFIELD EBONY  .jpeg
784,780,WYKIvr_   VOODOO     ,81,Collarette ,7 ,5 ,Average(90 days),WYKIvr_   VOODOO     .jpeg
785,781,aWMrKa_  CRAZY LEGS ,17,Cactus,7 ,4.5 ,Average(90 days),aWMrKa_  CRAZY LEGS .jpeg
786,782,IfxSjh_  FLUFFLES ,117,Formal Decorative,8 ,3.5 ,Late ( 120 days),IfxSjh_  FLUFFLES .jpeg
787,783,xSQKGM_santa claus,108,Cactus,7 ,4 ,Late ( 120 days),xSQKGM_santa claus.jpeg
788,784,zGdfxx_Katie,101,Decorative,5 ,4 ,Early (75 days),zGdfxx_Katie.jpeg
789,785,SbGjMh_Verone,121,Decorative,7 ,4.5 ,Late ( 120 days),SbGjMh_Verone.jpeg
790,786,jrCfKx_Cheyenne,12,Collarette ,5 ,4.5 ,Late ( 120 days),jrCfKx_Cheyenne.jpeg
791,787,IxUKOj_Zucc Robert ,35,Informal Decorative ,9 ,4.5 ,Late ( 120 days),IxUKOj_Zucc Robert .jpeg
792,788,CEGObC_Poppers ,97,Formal Decorative,3.5 ,4.5 ,Average(90 days),CEGObC_Poppers .jpeg
793,789,hrSbtG_Urchin ,47,Decorative,7 ,5 ,Late ( 120 days),hrSbtG_Urchin .jpeg
794,790,YUtprS_Dreamcatcher ,37,Ball,7 ,4 ,Late ( 120 days),YUtprS_Dreamcatcher .jpeg
795,791,UUIClE_Beep Beep ,52,Informal Decorative ,4 ,5 ,Late ( 120 days),UUIClE_Beep Beep .jpeg
796,792,atGCUn_Jennifer's Wedding ,95,Waterlily ,7 ,5 ,Average(90 days),atGCUn_Jennifer's Wedding .jpeg
797,793,athbGp_A-Peeling ,81,Waterlily ,4 ,4 ,Late ( 120 days),athbGp_A-Peeling .jpeg
798,794,dbCnOE_Duet ,26,Informal Decorative ,6 ,4.5 ,Late ( 120 days),dbCnOE_Duet .jpeg
799,795,aYaQdO_Einstein ,112,Decorative,4 ,4 ,Late ( 120 days),aYaQdO_Einstein .jpeg
800,796,MjxjlQ_Tutti Frutti ,84,Waterlily ,6 ,4.5 ,Early (75 days),MjxjlQ_Tutti Frutti .jpeg
801,797,SdEnOI_Ryan C ,104,Pom Pon ,5 ,2.5 ,Early (75 days),SdEnOI_Ryan C .jpeg
802,798,Gblxad_Teddy ,27,Cactus,4 ,4 ,Late ( 120 days),Gblxad_Teddy .jpeg
803,799,YGKhtj_Spartacus ,33,Cactus,2 ,3 ,Average(90 days),YGKhtj_Spartacus .jpeg
804,800,WhQQKz_Wildcat ,101,Collarette ,11 ,5 ,Late ( 120 days),WhQQKz_Wildcat .jpeg
805,801,IEzdpa_Cabana Banana ,10,Waterlily ,6 ,4 ,Late ( 120 days),IEzdpa_Cabana Banana .jpeg
806,802,UvMMjt_Citron Du Cap ,52,Lacinted,12 ,4 ,Average(90 days),UvMMjt_Citron Du Cap .jpeg
807,803,YGIxEz_Clearview Daniel ,66,Semi-Cactus,5 ,2.5 ,Early (75 days),YGIxEz_Clearview Daniel .jpeg
808,804,KIvbrf_Pinelands Pam ,87,Semi-Cactus,6 ,4 ,Late ( 120 days),KIvbrf_Pinelands Pam .jpeg
809,805,KxpIEQ_Willie Willie ,41,Collarette ,6 ,4.5 ,Average(90 days),KxpIEQ_Willie Willie .jpeg
810,806,YnrpGx_Bold Accent ,6,Waterlily ,2 ,3.5 ,Late ( 120 days),YnrpGx_Bold Accent .jpeg
811,807,UEpjQS_Wheels ,81,Lacinted,5 ,2 ,Early (75 days),UEpjQS_Wheels .jpeg
812,808,IGvSaQ_Innocense ,58,Ball,7 ,5 ,Average(90 days),IGvSaQ_Innocense .jpeg
813,809,hbUGnU_Half Pint ,106,Waterlily ,5 ,4 ,Average(90 days),hbUGnU_Half Pint .jpeg
814,810,CdbKGI_Hulin's Carnival ,56,Waterlily ,5 ,4 ,Average(90 days),CdbKGI_Hulin's Carnival .jpeg
815,811,IjKnnd_Mary Munns ,99,Pom Pon ,6 ,4 ,Late ( 120 days),IjKnnd_Mary Munns .jpeg
816,812,KYGlKn_Bodacious ,82,Lacinted,5 ,4.5 ,Late ( 120 days),KYGlKn_Bodacious .jpeg
817,813,jIMUKn_Lady Liberty ,11,Formal Decorative,7 ,5 ,Average(90 days),jIMUKn_Lady Liberty .jpeg
818,814,SKlMKl_Maniac ,100,Semi-Cactus,7 ,4.5 ,Average(90 days),SKlMKl_Maniac .jpeg
819,815,lhYrlE_Matilda Huston ,41,Ball,8 ,3.5 ,Late ( 120 days),lhYrlE_Matilda Huston .jpeg
820,816,GYtrQY_Juanita ,18,Informal Decorative ,7 ,4 ,Late ( 120 days),GYtrQY_Juanita .jpeg
821,817,KSMdMh_Steven David ,71,Decorative,5 ,4 ,Early (75 days),KSMdMh_Steven David .jpeg
822,818,IWKdpU_Kasasagi ,59,Lacinted,7 ,4.5 ,Late ( 120 days),IWKdpU_Kasasagi .jpeg
823,819,bGllxh_Tahiti Sunrise ,124,Collarette ,5 ,4.5 ,Late ( 120 days),bGllxh_Tahiti Sunrise .jpeg
824,820,EzEhYd_Spoiled Rotten ,29,Collarette ,9 ,4.5 ,Late ( 120 days),EzEhYd_Spoiled Rotten .jpeg
825,821,MfpOrx_Spiderwomen ,67,Formal Decorative,3.5 ,4.5 ,Average(90 days),MfpOrx_Spiderwomen .jpeg
826,822,OxtExd_ CLEARVIEW JONAS ,14,Formal Decorative,7 ,5 ,Late ( 120 days),OxtExd_ CLEARVIEW JONAS .jpeg
827,823,pvOEdv_ DANCIN' QUEEN  ,57,Pom Pon ,7 ,4 ,Late ( 120 days),pvOEdv_ DANCIN' QUEEN  .jpeg
828,824,OhhQWK_ENCORE         ,22,Orchid ,4 ,5 ,Late ( 120 days),OhhQWK_ENCORE         .jpeg
829,825,ShhGnl_SPOILED ROTTEN     ,67,Informal Decorative ,7 ,5 ,Average(90 days),ShhGnl_SPOILED ROTTEN     .jpeg
830,826,KUpYtp_BRANDON MICHAEL      ,65,Cactus,4 ,4 ,Late ( 120 days),KUpYtp_BRANDON MICHAEL      .jpeg
831,827,lbfhlO_  MIKAYLA MIRANDA        ,101,Cactus,6 ,4.5 ,Late ( 120 days),lbfhlO_  MIKAYLA MIRANDA        .jpeg
832,828,UUrzWh_       ENCHANTRESS         ,77,Orchid ,4 ,4 ,Late ( 120 days),UUrzWh_       ENCHANTRESS         .jpeg
833,829,GdldOl_ BRIDEZILLA   ,108,Ball,6 ,4.5 ,Early (75 days),GdldOl_ BRIDEZILLA   .jpeg
834,830,dWQMQM_      DIVA     ,74,Decorative,5 ,2.5 ,Early (75 days),dWQMQM_      DIVA     .jpeg
835,831,xOOQEf_      DUET               ,114,Ball,4 ,4 ,Late ( 120 days),xOOQEf_      DUET               .jpeg
836,832,EMOQIQ_CROSSFIELD EBONY  ,74,Collarette ,2 ,3 ,Average(90 days),EMOQIQ_CROSSFIELD EBONY  .jpeg
837,833,OWdWYn_   VOODOO     ,60,Collarette ,11 ,5 ,Late ( 120 days),OWdWYn_   VOODOO     .jpeg
838,834,QSGtdW_  CRAZY LEGS ,52,Collarette ,6 ,4 ,Late ( 120 days),QSGtdW_  CRAZY LEGS .jpeg
839,835,SzOrrh_  FLUFFLES ,6,Semi-Cactus,12 ,4 ,Average(90 days),SzOrrh_  FLUFFLES .jpeg
840,836,ttvQKx_santa claus,40,Semi-Cactus,5 ,2.5 ,Early (75 days),ttvQKx_santa claus.jpeg
841,837,WKrInr_Katie,106,Collarette ,6 ,4 ,Late ( 120 days),WKrInr_Katie.jpeg
842,838,CrKCUO_Verone,42,Formal Decorative,6 ,4.5 ,Average(90 days),CrKCUO_Verone.jpeg
843,839,xUKMSa_Cheyenne,23,Ball,2 ,3.5 ,Late ( 120 days),xUKMSa_Cheyenne.jpeg
844,840,QIIzpz_Zucc Robert ,121,Collarette ,5 ,2 ,Early (75 days),QIIzpz_Zucc Robert .jpeg
845,841,tCxnap_Urchin ,45,Cactus,7 ,5 ,Average(90 days),tCxnap_Urchin .jpeg
846,842,hxzUMh_Dreamcatcher ,110,Pom Pon ,5 ,4 ,Average(90 days),hxzUMh_Dreamcatcher .jpeg
847,843,GErdMY_Beep Beep ,14,Collarette ,5 ,4 ,Average(90 days),GErdMY_Beep Beep .jpeg
848,844,QvYYdU_Jennifer's Wedding ,124,Formal Decorative,6 ,4 ,Late ( 120 days),QvYYdU_Jennifer's Wedding .jpeg
849,845,SaCbfY_A-Peeling ,107,Formal Decorative,5 ,4.5 ,Late ( 120 days),SaCbfY_A-Peeling .jpeg
850,846,znvxdS_Duet ,79,Pom Pon ,7 ,5 ,Average(90 days),znvxdS_Duet .jpeg
851,847,pUxKtO_Einstein ,109,Orchid ,7 ,4.5 ,Average(90 days),pUxKtO_Einstein .jpeg
852,848,jxzjYt_Tutti Frutti ,46,Incurved Cactus,8 ,3.5 ,Late ( 120 days),jxzjYt_Tutti Frutti .jpeg
853,849,xUnhIl_Ryan C ,64,Semi-Cactus,7 ,4 ,Late ( 120 days),xUnhIl_Ryan C .jpeg
854,850,EfnKfY_Teddy ,123,Incurved Cactus,5 ,4 ,Early (75 days),EfnKfY_Teddy .jpeg
855,851,lYUnlG_Spartacus ,53,Ball,7 ,4.5 ,Late ( 120 days),lYUnlG_Spartacus .jpeg
856,852,MWbpOS_Wildcat ,9,Formal Decorative,5 ,4.5 ,Late ( 120 days),MWbpOS_Wildcat .jpeg
857,853,SvzlhO_Cabana Banana ,126,Informal Decorative ,9 ,4.5 ,Late ( 120 days),SvzlhO_Cabana Banana .jpeg
858,854,GhvjnY_Citron Du Cap ,23,Incurved Cactus,3.5 ,4.5 ,Average(90 days),GhvjnY_Citron Du Cap .jpeg
859,855,IUSpCz_Clearview Daniel ,31,Cactus,7 ,5 ,Late ( 120 days),IUSpCz_Clearview Daniel .jpeg
860,856,QEItxd_Pinelands Pam ,119,Orchid ,7 ,4 ,Late ( 120 days),QEItxd_Pinelands Pam .jpeg
861,857,fYavtC_Willie Willie ,123,Semi-Cactus,4 ,5 ,Late ( 120 days),fYavtC_Willie Willie .jpeg
862,858,tnahQE_Bold Accent ,65,Collarette ,7 ,5 ,Average(90 days),tnahQE_Bold Accent .jpeg
863,859,zaWIjl_Wheels ,104,Orchid ,4 ,4 ,Late ( 120 days),zaWIjl_Wheels .jpeg
864,860,jtIaOt_Innocense ,28,Collarette ,6 ,4.5 ,Late ( 120 days),jtIaOt_Innocense .jpeg
865,861,ItGvrM_Half Pint ,76,Waterlily ,4 ,4 ,Late ( 120 days),ItGvrM_Half Pint .jpeg
866,862,pCzfnd_Hulin's Carnival ,89,Incurved Cactus,6 ,4.5 ,Early (75 days),pCzfnd_Hulin's Carnival .jpeg
867,863,aKYdrK_Mary Munns ,25,Formal Decorative,5 ,2.5 ,Early (75 days),aKYdrK_Mary Munns .jpeg
868,864,nSIOpl_Bodacious ,116,Lacinted,4 ,4 ,Late ( 120 days),nSIOpl_Bodacious .jpeg
869,865,CzzzIr_Lady Liberty ,103,Ball,2 ,3 ,Average(90 days),CzzzIr_Lady Liberty .jpeg
870,866,QQdnlS_Maniac ,102,Semi-Cactus,11 ,5 ,Late ( 120 days),QQdnlS_Maniac .jpeg
871,867,YlUCYM_Matilda Huston ,103,Semi-Cactus,6 ,4 ,Late ( 120 days),YlUCYM_Matilda Huston .jpeg
872,868,CQfabO_Juanita ,28,Lacinted,12 ,4 ,Average(90 days),CQfabO_Juanita .jpeg
873,869,zxUYbO_Steven David ,96,Cactus,5 ,2.5 ,Early (75 days),zxUYbO_Steven David .jpeg
874,870,tQCOlY_Kasasagi ,114,Decorative,6 ,4 ,Late ( 120 days),tQCOlY_Kasasagi .jpeg
875,871,dtQxEx_Tahiti Sunrise ,103,Cactus,6 ,4.5 ,Average(90 days),dtQxEx_Tahiti Sunrise .jpeg
876,872,GaMYSp_Spoiled Rotten ,16,Orchid ,2 ,3.5 ,Late ( 120 days),GaMYSp_Spoiled Rotten .jpeg
877,873,vpfGWn_Spiderwomen ,52,Incurved Cactus,5 ,2 ,Early (75 days),vpfGWn_Spiderwomen .jpeg
878,874,fMErGM_ CLEARVIEW JONAS ,37,Decorative,7 ,5 ,Average(90 days),fMErGM_ CLEARVIEW JONAS .jpeg
879,875,WaIvxS_ DANCIN' QUEEN  ,75,Pom Pon ,5 ,4 ,Average(90 days),WaIvxS_ DANCIN' QUEEN  .jpeg
880,876,MYxfaK_ENCORE         ,19,Orchid ,5 ,4 ,Average(90 days),MYxfaK_ENCORE         .jpeg
881,877,SfhaGY_SPOILED ROTTEN     ,2,Ball,6 ,4 ,Late ( 120 days),SfhaGY_SPOILED ROTTEN     .jpeg
882,878,tMjOab_BRANDON MICHAEL      ,12,Ball,5 ,4.5 ,Late ( 120 days),tMjOab_BRANDON MICHAEL      .jpeg
883,879,hWxllU_  MIKAYLA MIRANDA        ,62,Lacinted,7 ,5 ,Average(90 days),hWxllU_  MIKAYLA MIRANDA        .jpeg
884,880,tWUEzM_       ENCHANTRESS         ,104,Pom Pon ,7 ,4.5 ,Average(90 days),tWUEzM_       ENCHANTRESS         .jpeg
885,881,lajUvI_ BRIDEZILLA   ,14,Waterlily ,8 ,3.5 ,Late ( 120 days),lajUvI_ BRIDEZILLA   .jpeg
886,882,OOUWEO_      DIVA     ,56,Cactus,7 ,4 ,Late ( 120 days),OOUWEO_      DIVA     .jpeg
887,883,KEQMft_      DUET               ,62,Informal Decorative ,5 ,4 ,Early (75 days),KEQMft_      DUET               .jpeg
888,884,rfGxrv_CROSSFIELD EBONY  ,101,Cactus,7 ,4.5 ,Late ( 120 days),rfGxrv_CROSSFIELD EBONY  .jpeg
889,885,lnMGYn_   VOODOO     ,14,Waterlily ,5 ,4.5 ,Late ( 120 days),lnMGYn_   VOODOO     .jpeg
890,886,xdIUEj_  CRAZY LEGS ,15,Decorative,9 ,4.5 ,Late ( 120 days),xdIUEj_  CRAZY LEGS .jpeg
891,887,IdbIEK_  FLUFFLES ,47,Ball,3.5 ,4.5 ,Average(90 days),IdbIEK_  FLUFFLES .jpeg
892,888,rMIExn_santa claus,87,Cactus,7 ,5 ,Late ( 120 days),rMIExn_santa claus.jpeg
893,889,MlOtOf_Katie,35,Incurved Cactus,7 ,4 ,Late ( 120 days),MlOtOf_Katie.jpeg
894,890,fGhUhI_Verone,50,Cactus,4 ,5 ,Late ( 120 days),fGhUhI_Verone.jpeg
895,891,aSQUnz_Cheyenne,13,Formal Decorative,7 ,5 ,Average(90 days),aSQUnz_Cheyenne.jpeg
896,892,ShzvKx_Zucc Robert ,105,Semi-Cactus,4 ,4 ,Late ( 120 days),ShzvKx_Zucc Robert .jpeg
897,893,Kftvvp_Poppers ,103,Decorative,6 ,4.5 ,Late ( 120 days),Kftvvp_Poppers .jpeg
898,894,jbhKzM_Urchin ,120,Incurved Cactus,4 ,4 ,Late ( 120 days),jbhKzM_Urchin .jpeg
899,895,KYMbfG_Dreamcatcher ,55,Collarette ,6 ,4.5 ,Early (75 days),KYMbfG_Dreamcatcher .jpeg
900,896,QnKEIj_Beep Beep ,71,Semi-Cactus,5 ,2.5 ,Early (75 days),QnKEIj_Beep Beep .jpeg
901,897,EzWfIp_Jennifer's Wedding ,71,Lacinted,4 ,4 ,Late ( 120 days),EzWfIp_Jennifer's Wedding .jpeg
902,898,nvdStn_A-Peeling ,38,Formal Decorative,2 ,3 ,Average(90 days),nvdStn_A-Peeling .jpeg
903,899,hbCjUI_Duet ,43,Informal Decorative ,11 ,5 ,Late ( 120 days),hbCjUI_Duet .jpeg
904,900,UrWzhb_Einstein ,45,Lacinted,6 ,4 ,Late ( 120 days),UrWzhb_Einstein .jpeg
905,901,IKUpMY_Tutti Frutti ,125,Informal Decorative ,12 ,4 ,Average(90 days),IKUpMY_Tutti Frutti .jpeg
906,902,xndlCf_Ryan C ,111,Collarette ,5 ,2.5 ,Early (75 days),xndlCf_Ryan C .jpeg
907,903,vlbtCM_Teddy ,14,Semi-Cactus,6 ,4 ,Late ( 120 days),vlbtCM_Teddy .jpeg
908,904,ntxvIv_Spartacus ,128,Pom Pon ,6 ,4.5 ,Average(90 days),ntxvIv_Spartacus .jpeg
909,905,fzMfSK_Wildcat ,16,Waterlily ,2 ,3.5 ,Late ( 120 days),fzMfSK_Wildcat .jpeg
910,906,bCKOvG_Cabana Banana ,110,Decorative,5 ,2 ,Early (75 days),bCKOvG_Cabana Banana .jpeg
911,907,lSGWME_Citron Du Cap ,26,Waterlily ,7 ,5 ,Average(90 days),lSGWME_Citron Du Cap .jpeg
912,908,frvxOr_Clearview Daniel ,72,Collarette ,5 ,4 ,Average(90 days),frvxOr_Clearview Daniel .jpeg
913,909,vtbndS_Pinelands Pam ,55,Incurved Cactus,5 ,4 ,Average(90 days),vtbndS_Pinelands Pam .jpeg
914,910,btvSGS_Willie Willie ,51,Informal Decorative ,6 ,4 ,Late ( 120 days),btvSGS_Willie Willie .jpeg
915,911,OaIpfd_Bold Accent ,112,Pom Pon ,5 ,4.5 ,Late ( 120 days),OaIpfd_Bold Accent .jpeg
916,912,bIhEjh_Wheels ,18,Orchid ,7 ,5 ,Average(90 days),bIhEjh_Wheels .jpeg
917,913,SvUlaM_Innocense ,118,Pom Pon ,7 ,4.5 ,Average(90 days),SvUlaM_Innocense .jpeg
918,914,jnSdxG_Half Pint ,60,Cactus,8 ,3.5 ,Late ( 120 days),jnSdxG_Half Pint .jpeg
919,915,YMSEbt_Hulin's Carnival ,88,Waterlily ,7 ,4 ,Late ( 120 days),YMSEbt_Hulin's Carnival .jpeg
920,916,adIUIM_Mary Munns ,35,Ball,5 ,4 ,Early (75 days),adIUIM_Mary Munns .jpeg
921,917,IvjQKM_Bodacious ,43,Decorative,7 ,4.5 ,Late ( 120 days),IvjQKM_Bodacious .jpeg
922,918,GSxhUn_Lady Liberty ,122,Collarette ,5 ,4.5 ,Late ( 120 days),GSxhUn_Lady Liberty .jpeg
923,919,YGYCbM_Maniac ,31,Ball,9 ,4.5 ,Late ( 120 days),YGYCbM_Maniac .jpeg
924,920,jxKStK_Matilda Huston ,80,Incurved Cactus,3.5 ,4.5 ,Average(90 days),jxKStK_Matilda Huston .jpeg
925,921,llbnal_Juanita ,68,Waterlily ,7 ,5 ,Late ( 120 days),llbnal_Juanita .jpeg
926,922,CaaCEI_Steven David ,124,Ball,7 ,4 ,Late ( 120 days),CaaCEI_Steven David .jpeg
927,923,GWCnEG_Kasasagi ,5,Collarette ,4 ,5 ,Late ( 120 days),GWCnEG_Kasasagi .jpeg
928,924,tWvQOh_Tahiti Sunrise ,68,Formal Decorative,7 ,5 ,Average(90 days),tWvQOh_Tahiti Sunrise .jpeg
929,925,SrpKWG_Spoiled Rotten ,79,Decorative,4 ,4 ,Late ( 120 days),SrpKWG_Spoiled Rotten .jpeg
930,926,CWtlOf_Spiderwomen ,26,Decorative,6 ,4.5 ,Late ( 120 days),CWtlOf_Spiderwomen .jpeg
931,927,dfEIvb_ CLEARVIEW JONAS ,40,Collarette ,4 ,4 ,Late ( 120 days),dfEIvb_ CLEARVIEW JONAS .jpeg
932,928,hYtlCl_ DANCIN' QUEEN  ,56,Semi-Cactus,6 ,4.5 ,Early (75 days),hYtlCl_ DANCIN' QUEEN  .jpeg
933,929,SOQQOr_ENCORE         ,14,Informal Decorative ,5 ,2.5 ,Early (75 days),SOQQOr_ENCORE         .jpeg
934,930,YOtGbE_SPOILED ROTTEN     ,124,Waterlily ,4 ,4 ,Late ( 120 days),YOtGbE_SPOILED ROTTEN     .jpeg
935,931,dIQhhl_BRANDON MICHAEL      ,12,Waterlily ,2 ,3 ,Average(90 days),dIQhhl_BRANDON MICHAEL      .jpeg
936,932,rWjxjK_  MIKAYLA MIRANDA        ,90,Cactus,11 ,5 ,Late ( 120 days),rWjxjK_  MIKAYLA MIRANDA        .jpeg
937,933,WhhQYf_       ENCHANTRESS         ,20,Informal Decorative ,6 ,4 ,Late ( 120 days),WhhQYf_       ENCHANTRESS         .jpeg
938,934,EGIrKU_ BRIDEZILLA   ,120,Pom Pon ,12 ,4 ,Average(90 days),EGIrKU_ BRIDEZILLA   .jpeg
939,935,xaadtW_      DIVA     ,61,Orchid ,5 ,2.5 ,Early (75 days),xaadtW_      DIVA     .jpeg
940,936,vtjrEK_      DUET               ,65,Ball,6 ,4 ,Late ( 120 days),vtjrEK_      DUET               .jpeg
941,937,hvErbU_CROSSFIELD EBONY  ,59,Waterlily ,6 ,4.5 ,Average(90 days),hvErbU_CROSSFIELD EBONY  .jpeg
942,938,aKtbKp_   VOODOO     ,2,Informal Decorative ,2 ,3.5 ,Late ( 120 days),aKtbKp_   VOODOO     .jpeg
943,939,SSQtpf_  CRAZY LEGS ,84,Orchid ,5 ,2 ,Early (75 days),SSQtpf_  CRAZY LEGS .jpeg
944,940,rIIbzz_  FLUFFLES ,80,Orchid ,7 ,5 ,Average(90 days),rIIbzz_  FLUFFLES .jpeg
945,941,npKpGI_santa claus,57,Lacinted,5 ,4 ,Average(90 days),npKpGI_santa claus.jpeg
946,942,KUQYWb_Katie,104,Collarette ,5 ,4 ,Average(90 days),KUQYWb_Katie.jpeg
947,943,tfIYzp_Verone,21,Waterlily ,6 ,4 ,Late ( 120 days),tfIYzp_Verone.jpeg
948,944,GtvnfY_Cheyenne,4,Collarette ,5 ,4.5 ,Late ( 120 days),GtvnfY_Cheyenne.jpeg
949,945,xlxxjC_Zucc Robert ,35,Orchid ,7 ,5 ,Average(90 days),xlxxjC_Zucc Robert .jpeg
950,946,WCdIME_Poppers ,60,Waterlily ,7 ,4.5 ,Average(90 days),WCdIME_Poppers .jpeg
951,947,nxaUMG_Urchin ,49,Semi-Cactus,8 ,3.5 ,Late ( 120 days),nxaUMG_Urchin .jpeg
952,948,tnjSxW_Dreamcatcher ,123,Decorative,7 ,4 ,Late ( 120 days),tnjSxW_Dreamcatcher .jpeg
953,949,GEQWUh_Beep Beep ,108,Incurved Cactus,5 ,4 ,Early (75 days),GEQWUh_Beep Beep .jpeg
954,950,pKxEah_Jennifer's Wedding ,44,Collarette ,7 ,4.5 ,Late ( 120 days),pKxEah_Jennifer's Wedding .jpeg
955,951,ExtYnn_A-Peeling ,7,Waterlily ,5 ,4.5 ,Late ( 120 days),ExtYnn_A-Peeling .jpeg
956,952,fUQEjf_Duet ,54,Formal Decorative,9 ,4.5 ,Late ( 120 days),fUQEjf_Duet .jpeg
957,953,EKOlvt_Einstein ,86,Waterlily ,3.5 ,4.5 ,Average(90 days),EKOlvt_Einstein .jpeg
958,954,IUMznh_Tutti Frutti ,98,Pom Pon ,7 ,5 ,Late ( 120 days),IUMznh_Tutti Frutti .jpeg
959,955,aprEjr_Ryan C ,114,Waterlily ,7 ,4 ,Late ( 120 days),aprEjr_Ryan C .jpeg
960,956,vfUGxW_Teddy ,99,Waterlily ,4 ,5 ,Late ( 120 days),vfUGxW_Teddy .jpeg
961,957,QdrEjO_Spartacus ,67,Waterlily ,7 ,5 ,Average(90 days),QdrEjO_Spartacus .jpeg
962,958,KfjQdd_Wildcat ,91,Lacinted,4 ,4 ,Late ( 120 days),KfjQdd_Wildcat .jpeg
963,959,ItWCIx_Cabana Banana ,103,Decorative,6 ,4.5 ,Late ( 120 days),ItWCIx_Cabana Banana .jpeg
964,960,USlCjK_Citron Du Cap ,45,Waterlily ,4 ,4 ,Late ( 120 days),USlCjK_Citron Du Cap .jpeg
965,961,IzxQSa_Clearview Daniel ,2,Cactus,6 ,4.5 ,Early (75 days),IzxQSa_Clearview Daniel .jpeg
966,962,QdMWYK_Pinelands Pam ,89,Collarette ,5 ,2.5 ,Early (75 days),QdMWYK_Pinelands Pam .jpeg
967,963,bUnGOf_Willie Willie ,85,Incurved Cactus,4 ,4 ,Late ( 120 days),bUnGOf_Willie Willie .jpeg
968,964,YOfKMp_Bold Accent ,48,Waterlily ,2 ,3 ,Average(90 days),YOfKMp_Bold Accent .jpeg
969,965,nnICSS_Wheels ,11,Lacinted,11 ,5 ,Late ( 120 days),nnICSS_Wheels .jpeg
970,966,OKGQKQ_Innocense ,30,Decorative,6 ,4 ,Late ( 120 days),OKGQKQ_Innocense .jpeg
971,967,azbxnO_Half Pint ,16,Lacinted,12 ,4 ,Average(90 days),azbxnO_Half Pint .jpeg
972,968,zMSEpK_Hulin's Carnival ,26,Collarette ,5 ,2.5 ,Early (75 days),zMSEpK_Hulin's Carnival .jpeg
973,969,QOvUYQ_Mary Munns ,109,Pom Pon ,6 ,4 ,Late ( 120 days),QOvUYQ_Mary Munns .jpeg
974,970,COIjnd_Bodacious ,12,Semi-Cactus,6 ,4.5 ,Average(90 days),COIjnd_Bodacious .jpeg
975,971,MGaKlK_Lady Liberty ,25,Collarette ,2 ,3.5 ,Late ( 120 days),MGaKlK_Lady Liberty .jpeg
976,972,jdjCxp_Maniac ,91,Semi-Cactus,5 ,2 ,Early (75 days),jdjCxp_Maniac .jpeg
977,973,CzMtCO_Matilda Huston ,116,Ball,7 ,5 ,Average(90 days),CzMtCO_Matilda Huston .jpeg
978,974,SjCOKn_Juanita ,53,Cactus,5 ,2 ,Early (75 days),SjCOKn_Juanita .jpeg
979,975,fSCCId_Steven David ,11,Lacinted,5 ,4 ,Average(90 days),fSCCId_Steven David .jpeg
980,976,OdUOlj_Kasasagi ,61,Collarette ,5 ,4 ,Average(90 days),OdUOlj_Kasasagi .jpeg
981,977,GQMzUY_Tahiti Sunrise ,36,Decorative,6 ,4 ,Late ( 120 days),GQMzUY_Tahiti Sunrise .jpeg
982,978,fzCpUv_Spoiled Rotten ,119,Collarette ,5 ,4.5 ,Late ( 120 days),fzCpUv_Spoiled Rotten .jpeg
983,979,CxvEnE_Spiderwomen ,63,Collarette ,7 ,5 ,Average(90 days),CxvEnE_Spiderwomen .jpeg
984,980,EWOMfI_ CLEARVIEW JONAS ,120,Orchid ,7 ,4.5 ,Average(90 days),EWOMfI_ CLEARVIEW JONAS .jpeg
985,981,CjESjS_ DANCIN' QUEEN  ,105,Ball,8 ,3.5 ,Late ( 120 days),CjESjS_ DANCIN' QUEEN  .jpeg
986,982,lMhGIb_ENCORE         ,120,Incurved Cactus,7 ,4 ,Late ( 120 days),lMhGIb_ENCORE         .jpeg
987,983,EMQjUI_SPOILED ROTTEN     ,124,Formal Decorative,5 ,4 ,Early (75 days),EMQjUI_SPOILED ROTTEN     .jpeg
988,984,QpdrYE_BRANDON MICHAEL      ,77,Collarette ,7 ,4.5 ,Late ( 120 days),QpdrYE_BRANDON MICHAEL      .jpeg
989,985,GjQlhx_  MIKAYLA MIRANDA        ,101,Formal Decorative,5 ,4.5 ,Late ( 120 days),GjQlhx_  MIKAYLA MIRANDA        .jpeg
990,986,fUGhEG_       ENCHANTRESS         ,1,Orchid ,9 ,4.5 ,Late ( 120 days),fUGhEG_       ENCHANTRESS         .jpeg
991,987,UCQSKK_ BRIDEZILLA   ,45,Waterlily ,3.5 ,4.5 ,Average(90 days),UCQSKK_ BRIDEZILLA   .jpeg
992,988,jxzUlC_      DIVA     ,103,Cactus,7 ,5 ,Late ( 120 days),jxzUlC_      DIVA     .jpeg
993,989,KbbrMr_      DUET               ,36,Collarette ,7 ,4 ,Late ( 120 days),KbbrMr_      DUET               .jpeg
994,990,lhKQlW_CROSSFIELD EBONY  ,75,Formal Decorative,4 ,5 ,Late ( 120 days),lhKQlW_CROSSFIELD EBONY  .jpeg
995,991,EdMUzx_   VOODOO     ,67,Decorative,7 ,5 ,Average(90 days),EdMUzx_   VOODOO     .jpeg
996,992,ldhYCz_  CRAZY LEGS ,2,Orchid ,4 ,4 ,Late ( 120 days),ldhYCz_  CRAZY LEGS .jpeg
997,993,dhSUWf_  FLUFFLES ,111,Incurved Cactus,6 ,4.5 ,Late ( 120 days),dhSUWf_  FLUFFLES .jpeg
998,994,UChvIf_santa claus,14,Decorative,4 ,4 ,Late ( 120 days),UChvIf_santa claus.jpeg
999,995,ppYMQz_Katie,19,Incurved Cactus,6 ,4.5 ,Early (75 days),ppYMQz_Katie.jpeg
1000,996,xzfCGW_Verone,43,Decorative,5 ,2.5 ,Early (75 days),xzfCGW_Verone.jpeg
1001,997,adUdMl_Cheyenne,11,Incurved Cactus,4 ,4 ,Late ( 120 days),adUdMl_Cheyenne.jpeg
1002,998,IbaWCz_Zucc Robert ,85,Collarette ,2 ,3 ,Average(90 days),IbaWCz_Zucc Robert .jpeg
1003,999,hvrdWz_Urchin ,101,Semi-Cactus,11 ,5 ,Late ( 120 days),hvrdWz_Urchin .jpeg
1004,1000,SUOjhQ_Dreamcatcher ,81,Ball,6 ,4 ,Late ( 120 days),SUOjhQ_Dreamcatcher .jpeg
1005,1001,UvvjGO_Beep Beep ,44,Collarette ,12 ,4 ,Average(90 days),UvvjGO_Beep Beep .jpeg
1006,1002,dxShzE_Jennifer's Wedding ,89,Incurved Cactus,5 ,2.5 ,Early (75 days),dxShzE_Jennifer's Wedding .jpeg
1007,1003,hhWtbG_A-Peeling ,35,Semi-Cactus,6 ,4 ,Late ( 120 days),hhWtbG_A-Peeling .jpeg
1008,1004,xhOGGM_Duet ,44,Waterlily ,6 ,4.5 ,Average(90 days),xhOGGM_Duet .jpeg
1009,1005,EKfUYp_Einstein ,47,Informal Decorative ,2 ,3.5 ,Late ( 120 days),EKfUYp_Einstein .jpeg
1010,1006,WrQEIh_Tutti Frutti ,26,Waterlily ,5 ,2 ,Early (75 days),WrQEIh_Tutti Frutti .jpeg
1011,1007,SYfrKO_Ryan C ,38,Collarette ,7 ,5 ,Average(90 days),SYfrKO_Ryan C .jpeg
1012,1008,QanWOG_Teddy ,21,Collarette ,5 ,4 ,Average(90 days),QanWOG_Teddy .jpeg
1013,1009,tUhjrl_Spartacus ,80,Semi-Cactus,5 ,4 ,Average(90 days),tUhjrl_Spartacus .jpeg
1014,1010,QSOvQC_Wildcat ,121,Collarette ,6 ,4 ,Late ( 120 days),QSOvQC_Wildcat .jpeg
1015,1011,fYEYSK_Cabana Banana ,101,Ball,5 ,4.5 ,Late ( 120 days),fYEYSK_Cabana Banana .jpeg
1016,1012,bpjjtp_Citron Du Cap ,57,Pom Pon ,7 ,5 ,Average(90 days),bpjjtp_Citron Du Cap .jpeg
1017,1013,hUMOUh_Clearview Daniel ,27,Lacinted,7 ,4.5 ,Average(90 days),hUMOUh_Clearview Daniel .jpeg
1018,1014,jMCWIK_Pinelands Pam ,1,Pom Pon ,8 ,3.5 ,Late ( 120 days),jMCWIK_Pinelands Pam .jpeg
1019,1015,SvMUKM_Willie Willie ,7,Collarette ,7 ,4 ,Late ( 120 days),SvMUKM_Willie Willie .jpeg
1020,1016,fMIIxG_Bold Accent ,105,Waterlily ,5 ,4 ,Early (75 days),fMIIxG_Bold Accent .jpeg
1021,1017,drWnjW_Wheels ,64,Waterlily ,7 ,4.5 ,Late ( 120 days),drWnjW_Wheels .jpeg
1022,1018,xbdSCt_Innocense ,116,Collarette ,5 ,4.5 ,Late ( 120 days),xbdSCt_Innocense .jpeg
1023,1019,dbndhv_Half Pint ,87,Collarette ,9 ,4.5 ,Late ( 120 days),dbndhv_Half Pint .jpeg
1024,1020,KIjhhO_Hulin's Carnival ,40,Collarette ,3.5 ,4.5 ,Average(90 days),KIjhhO_Hulin's Carnival .jpeg
1025,1021,zSYKpY_Mary Munns ,72,Formal Decorative,7 ,5 ,Late ( 120 days),zSYKpY_Mary Munns .jpeg
1026,1022,nphprv_Bodacious ,113,Ball,7 ,4 ,Late ( 120 days),nphprv_Bodacious .jpeg
1027,1023,nxnthb_Lady Liberty ,108,Decorative,4 ,5 ,Late ( 120 days),nxnthb_Lady Liberty .jpeg
1028,1024,OrpEUU_Maniac ,43,Collarette ,7 ,5 ,Average(90 days),OrpEUU_Maniac .jpeg
1029,1025,CxtMKp_Matilda Huston ,16,Informal Decorative ,4 ,4 ,Late ( 120 days),CxtMKp_Matilda Huston .jpeg
1030,1026,GlpjMa_Juanita ,68,Ball,6 ,4.5 ,Late ( 120 days),GlpjMa_Juanita .jpeg
1031,1027,KfYlOC_Steven David ,42,Waterlily ,4 ,4 ,Late ( 120 days),KfYlOC_Steven David .jpeg
1032,1028,SfYSpM_Kasasagi ,38,Informal Decorative ,6 ,4.5 ,Early (75 days),SfYSpM_Kasasagi .jpeg
1033,1029,pnMQhM_Tahiti Sunrise ,42,Pom Pon ,5 ,2.5 ,Early (75 days),pnMQhM_Tahiti Sunrise .jpeg
1034,1030,nltSCf_Spoiled Rotten ,128,Decorative,4 ,4 ,Late ( 120 days),nltSCf_Spoiled Rotten .jpeg
1035,1031,npjMdp_Spiderwomen ,69,Waterlily ,2 ,3 ,Average(90 days),npjMdp_Spiderwomen .jpeg
1036,1032,dMfxWt_ CLEARVIEW JONAS ,77,Semi-Cactus,11 ,5 ,Late ( 120 days),dMfxWt_ CLEARVIEW JONAS .jpeg
1037,1033,jYCQOj_ DANCIN' QUEEN  ,57,Collarette ,6 ,4 ,Late ( 120 days),jYCQOj_ DANCIN' QUEEN  .jpeg
1038,1034,hKISpS_ENCORE         ,31,Ball,12 ,4 ,Average(90 days),hKISpS_ENCORE         .jpeg
1039,1035,MnEaIj_SPOILED ROTTEN     ,67,Waterlily ,5 ,2.5 ,Early (75 days),MnEaIj_SPOILED ROTTEN     .jpeg
1040,1036,pxMtvG_BRANDON MICHAEL      ,8,Cactus,6 ,4 ,Late ( 120 days),pxMtvG_BRANDON MICHAEL      .jpeg
1041,1037,fnIaOa_  MIKAYLA MIRANDA        ,67,Lacinted,6 ,4.5 ,Average(90 days),fnIaOa_  MIKAYLA MIRANDA        .jpeg
1042,1038,CaIxGj_       ENCHANTRESS         ,15,Collarette ,2 ,3.5 ,Late ( 120 days),CaIxGj_       ENCHANTRESS         .jpeg
1043,1039,WGYEab_ BRIDEZILLA   ,58,Cactus,5 ,2 ,Early (75 days),WGYEab_ BRIDEZILLA   .jpeg
1044,1040,KardWl_      DIVA     ,106,Lacinted,7 ,5 ,Average(90 days),KardWl_      DIVA     .jpeg
1045,1041,vObzxG_      DUET               ,82,Waterlily ,5 ,4 ,Average(90 days),vObzxG_      DUET               .jpeg
1046,1042,hEWMEY_CROSSFIELD EBONY  ,80,Collarette ,5 ,4 ,Average(90 days),hEWMEY_CROSSFIELD EBONY  .jpeg
1047,1043,jEdYhp_   VOODOO     ,110,Decorative,6 ,4 ,Late ( 120 days),jEdYhp_   VOODOO     .jpeg
1048,1044,IvaMnU_  CRAZY LEGS ,75,Collarette ,5 ,4.5 ,Late ( 120 days),IvaMnU_  CRAZY LEGS .jpeg
1049,1045,bCdbEb_  FLUFFLES ,114,Orchid ,7 ,5 ,Average(90 days),bCdbEb_  FLUFFLES .jpeg
1050,1046,jlbvGa_santa claus,46,Incurved Cactus,7 ,4.5 ,Average(90 days),jlbvGa_santa claus.jpeg
1051,1047,dhhESM_Katie,109,Semi-Cactus,8 ,3.5 ,Late ( 120 days),dhhESM_Katie.jpeg
1052,1048,Ottttr_Verone,45,Incurved Cactus,7 ,4 ,Late ( 120 days),Ottttr_Verone.jpeg
1053,1049,rbhtdY_Cheyenne,70,Collarette ,5 ,4 ,Early (75 days),rbhtdY_Cheyenne.jpeg
1054,1050,xSWjpI_Zucc Robert ,109,Decorative,7 ,4.5 ,Late ( 120 days),xSWjpI_Zucc Robert .jpeg
1055,1051,nOGdvp_Poppers ,93,Incurved Cactus,5 ,4.5 ,Late ( 120 days),nOGdvp_Poppers .jpeg
1056,1052,dEaOnl_Urchin ,27,Orchid ,9 ,4.5 ,Late ( 120 days),dEaOnl_Urchin .jpeg
1057,1053,KOxYbr_Dreamcatcher ,79,Lacinted,3.5 ,4.5 ,Average(90 days),KOxYbr_Dreamcatcher .jpeg
1058,1054,arlMGY_Beep Beep ,19,Collarette ,7 ,5 ,Late ( 120 days),arlMGY_Beep Beep .jpeg
1059,1055,fKCCIS_Jennifer's Wedding ,40,Orchid ,7 ,4 ,Late ( 120 days),fKCCIS_Jennifer's Wedding .jpeg
1060,1056,jKjQIM_A-Peeling ,23,Formal Decorative,4 ,5 ,Late ( 120 days),jKjQIM_A-Peeling .jpeg
1061,1057,xEIQlY_Duet ,1,Collarette ,7 ,5 ,Average(90 days),xEIQlY_Duet .jpeg
1062,1058,CKOvlO_Einstein ,113,Semi-Cactus,4 ,4 ,Late ( 120 days),CKOvlO_Einstein .jpeg
1063,1059,nIpCIQ_Tutti Frutti ,9,Waterlily ,6 ,4.5 ,Late ( 120 days),nIpCIQ_Tutti Frutti .jpeg
1064,1060,tWbGxC_Ryan C ,62,Formal Decorative,4 ,4 ,Late ( 120 days),tWbGxC_Ryan C .jpeg
1065,1061,UGvpGQ_Teddy ,3,Formal Decorative,6 ,4.5 ,Early (75 days),UGvpGQ_Teddy .jpeg
1066,1062,fGjEWl_Spartacus ,94,Waterlily ,5 ,2.5 ,Early (75 days),fGjEWl_Spartacus .jpeg
1067,1063,CaUWUW_Wildcat ,107,Lacinted,4 ,4 ,Late ( 120 days),CaUWUW_Wildcat .jpeg